 No.,Order,VR quality,Code 2,Code 3,Code name,Comment,
3,VRQ_3,Interactive technology,1.1,1.1,Utilitarian-Interaction,,
6,VRQ_1,it was very quick and reactive,1.1,1.1,Utilitarian-Interaction,,
15,VRQ_1,It was interactive,1.1,1.1,Utilitarian-Interaction,,
108,VRQ_2,very helpful to move around like this,1.1,1.1,Utilitarian-Interaction,,
127,VRQ_3,I had control over where to go,1.1,1.1,Utilitarian-Interaction,,
296,VRQ_3,this is interactive.,1.1,1.1,Utilitarian-Interaction,,
338,VRQ_3,I like all the interactions that you can do by clicking just from your screen,1.1,1.1,Utilitarian-Interaction,,
373,VRQ_1,NICE AND INTERACTIVE,1.1,1.1,Utilitarian-Interaction,,
97,VRQ_2,The shots were mostly of interesting places,,1.2, High-quality Content preparation,,
160,VRQ_3,It gave me actual movies of doing things.,1.5,1.2, High-quality Content preparation,,
204,VRQ_3,this is a decent selection of areas to explore,1.7,1.2, High-quality Content preparation,,
254,VRQ_3,The information on the sites was good,1.8,1.2, High-quality Content preparation,,
161,VRQ_3,The interface makes sense and is good at being low-profile.,1.4,1.3.9,Overall user interface satisfaction ,1.3.9,
390,VRQ_2,"A great deal of ease, no problems doing what I wanted",1.4,1.4.1,Easy to use (overall),1.4.1,
390,VRQ_1,"A lot of sceneries and options, I can visited most beautiful spots",1.5,1.1.2,Lots to do,1.1.2,
187,VRQ_2,open for anyone,1.6,1.6,Utilitarian-Others,1.6,
186,VRQ_1,I love the frame rate,1.9,1.6,frame rate,1.6,
390,VRQ_4,"Lighting was nice, everything was bright and filled with colors",2.1,2.1.12,Lighting ,2.1.12,
392,VRQ_3,It was relaxing,2.3,2.2.4,Relaxing experience,2.2.4,
215,DQ_3,"Considering I could probably spend a few days, just on this virtual tour, then there's no shortage of things to actually see, when I'm there.",2.5,,,intention to stay in VR,
166,VRQ_2,Opulent,2.6,2.2.2,Luxury experience,2.2.2,
299,VRQ_2,attractive,2.6,2.6,Attractiveness,,
1,VRQ_1,It was well done,3,3,General perceived quality,,
1,VRQ_2,The tour was excellent,3,3,General perceived quality,,
19,VRQ_1,this is really neat,3,2.1.9,Cleaness and neatness,2.1.9,
27,VRQ_3,generally well done,3,3,High quality (overall),,
27,VRQ_1,high quality,3,3,General perceived quality,,
38,VRQ_2,Fantastic!,3,3,General perceived quality,,
38,VRQ_5,I love technology!,3,3,General perceived quality,,
38,VRQ_8,I love this!,3,3,General perceived quality,,
52,VRQ_3,It is high tech,3,1.6.1,Up to date technology,,
62,VRQ_3,I'd like to use this tool to explore other places.,3,,,intention to stay in VR,
67,VRQ_2,The VR was high quality,3,3,General perceived quality,,
67,VRQ_3,The VR was thorough,3,1.6.2,Sofisticated design,1.6.2,
68,VRQ_2,high quality,3,3,General perceived quality,,
74,VRQ_3,better than paper catalog,3,,,comparison,
78,VRQ_1,It is an incredible technology that allows you to visualize through a computer the destination you would like to visit.,3,1.3.1,Overall destination preview,1.3.1,
82,VRQ_2,Great Technology,3,3,General perceived quality,,
85,VRQ_2,Ritzy,3,2.2.2,Luxury experience,2.2.2,
86,VRQ_2,Well made.,3,3,General perceived quality,,
86,VRQ_3,Well thought out.,3,1.6.2,Sofisticated design,1.6.2,
110,VRQ_3,vr is awesome,3,3,General perceived quality,,
134,VRQ_2,Captivating,3,2.2.16,Engaging experience,2.2.16,
135,VRQ_2,Breathtaking,3,2.2.14,Excitement,2.2.14,
136,VRQ_3,It is amazing that this technology exists to give me this experience,3,3,General perceived quality,,
151,VRQ_1,This is great technology,3,3,General perceived quality,,
189,VRQ_3,The key provided helps you determine what you want to click on.,3,1.5.14,Ability to click on destination labels,,
194,VRQ_3,I should use VCR technology more often for other purposes as well.,3,,,intention to use VR,
197,VRQ_3,Virtual reality is awesome I love this technology,3,3,General perceived quality,,
218,VRQ_3,this is a new viewing experience of dubai for me,3,1.3.1,Overall destination preview,,
219,VRQ_1,Quality was good,3,3,General perceived quality,,
231,VRQ_7,I think VR is a great tech,3,3,General perceived quality,,
233,VRQ_2,The GUI ( Graphical User Interface ) seems very appealing.,,1.3.9,Overall user interface satisfaction ,1.3.9,
235,VRQ_2,Sleek,3,3,General perceived quality,,
236,VRQ_3,Robust,3,3,General perceived quality,,
238,VRQ_2,Nice,3,3,General perceived quality,,
242,VRQ_2,Active experience rather than just passive information.,3,3,General perceived quality,,
266,VRQ_1,Overall the virtual tour worked very well.,3,3,General perceived quality,,
273,VRQ_1,The technology is great,3,3,High-quality technology (overall),,
285,VRQ_2,Accurate,3,3,General perceived quality,,
290,VRQ_3,Satisfying,3,3,General perceived quality,,
299,VRQ_3,QUALITY,3,3,High-quality technology (overall),,
303,VRQ_3,its impresive,3,3,General perceived quality,,
304,VRQ_10,everything seemed well maintained,3,3,General perceived quality,,
304,VRQ_3,everything was well lit,3,3,General perceived quality,,
316,VRQ_3,Was put together well,3,3,General perceived quality,,
344,VRQ_1,Great technology,3,3,General perceived quality,,
345,VRQ_2,The technology is helpful.,3,3,General perceived quality,,
354,VRQ_2,I love virtual tours like this,3,3,General perceived quality,,
356,VRQ_4,I would use this technology in more places,3,3,General perceived quality,,
381,VRQ_2,It worked as described,3,3,General perceived quality,,
54,VRQ_3,I could see a part of the world I normally would not be able to see,4,1.3.1,Overall destination preview,?,
112,VRQ_8,"I wonder if you can ""VR tour"" other places with this website.",4,4,Discuss latter,Other possibilities,
182,VRQ_6,It can be used to provide valuable medical services such as remote consultations.,4,4,Discuss latter,Other possibilities,
228,VRQ_1,It's incredibly thorough and comprehensive,4,1.6.2,Comprehensive design,1.6.2,
10,VRQ_1,So much to see,1.7,1.1.1,Variety of places,,
11,VRQ_2,Showed different parts,1.5,1.1.1,Variety of places,,
13,VRQ_3,it was nice to see such a variety of locations,1.7,1.1.1,Variety of places,,
36,VRQ_5,diverse landscapes shown,1.7,1.1.1,Variety of places,,
49,VRQ_3,Provided many different types of locations,1.5,1.1.1,Variety of places,,
77,VRQ_3,showed muplitple places instead of just one,1.5,1.1.1,Variety of places,,
81,VRQ_2,it showed a wide variety of places,1.3,1.1.1,Variety of places,,
94,VRQ_3,There were a lot of things to look at within the tour,1.3,1.1.1,Variety of places,,
112,VRQ_3,There are so many places to check out.,1.7,1.1.1,Variety of places,,
122,VRQ_3,there were a variety of areas shown in the tour,1.7,1.1.1,Variety of places,,
122,VRQ_2,there were lots of places to click on,1.5,1.1.1,Variety of places,,
127,VRQ_1,I could see many places,1.7,1.1.1,Variety of places,,
128,VRQ_4,It has a lot of the views you would actually want to go to.,1.7,1.1.1,Variety of places,,
159,VRQ_3,It showed different locations,1.7,1.1.1,Variety of places,,
160,VRQ_2,It allowed me to travel to many locations.,1.5,1.1.1,Variety of places,,
167,VRQ_1,I thought it showed some a lot of space,1.3,1.1.1,Variety of places,,
169,VRQ_2,diverse attractions,1.7,1.1.1,Variety of places,,
176,VRQ_1,there were alot of options to choose to visit,1.5,1.1.1,Variety of places,,
234,VRQ_1,It showed a variety of different places,1.8,1.1.1,Variety of places,,
239,VRQ_2,lots of destinations to look at,1.3,1.1.1,Variety of places,,
240,VRQ_1,It showed several different destinations in Dubai,1.8,1.1.1,Variety of places,,
257,VRQ_3,The video shows a variety of locations and places to explore.,1.7,1.1.1,Variety of places,,
284,VRQ_1,How extensive the scenery was covered,1.5,1.1.1,Variety of places,,
289,VRQ_2,It showed various aspects I'd the area that I was interested in.,1.9,1.1.1,Variety of places,,
301,VRQ_3,I liked that I could look at a lot of different things.,1.7,1.1.1,Variety of places,,
315,VRQ_3,Huge variety of attractions,1.7,1.1.1,Variety of places,,
321,VRQ_3,There were a lot of areas to explore.,1.7,1.1.1,Variety of places,,
335,VRQ_3,Lots of information about different attractions and locations in Dubai,1.7,1.1.1,Variety of places,,
350,VRQ_1,I can view notable and important places,1.5,1.1.1,Variety of places,,
361,VRQ_4,many attractions to choose from,1.7,1.1.1,Variety of places,,
61,VRQ_1,A lot of places to look around,Destination Quality,1.1.2,Lots to do,?,
135,VRQ_3,So much to do,1.7,1.1.2,Lots to do,,
225,VRQ_3,lots to do,1.7,1.1.2,Lots to do,,
225,VRQ_4,lots to see,1.7,1.1.2,Lots to do,,
294,VRQ_2,There is a lot to see,1.7,1.1.2,Lots to do,,
30,VRQ_3,Informative,Same information,1.1.3,Informative,?,
314,VRQ_3,Informational,Same information,1.1.3,Informative,?,
42,VRQ_1,It was informative,1.3,1.1.3,Informative,,
117,VRQ_1,Very informative,1.3,1.1.3,Informative,,
126,VRQ_2,informative,1.3,1.1.3,Informative,,
154,VRQ_2,Informative,1.3,1.1.3,Informative,,
278,VRQ_3,informational,1.3,1.1.3,Informative,,
311,VRQ_3,It’s informative,1.3,1.1.3,Informative,,
336,VRQ_3,Informative,1.3,1.1.3,Informative,,
354,VRQ_3,it was informational,1.3,1.1.3,Informative,,
356,VRQ_3,This method of visiting can give you a lot of information,1.3,1.1.3,Informative,,
7,VRQ_5,Great preview of Dubai,1.3,1.3.1,Overall destination preview,,
17,VRQ_1,I can get a sense of the landscape.,1.3,1.3.1,Overall destination preview,,
17,VRQ_2,I can see a full sweep of things.,1.3,1.3.1,Overall destination preview,,
28,VRQ_2,Like traveling without having to leave my house,2.5,1.3.1,Overall destination preview,,
34,VRQ_3,It looked like a nice destination,Destination Quality,1.3.1,Overall destination preview,,
70,VRQ_1,It gave a good view of the landscape and what the city looks like,1.5,1.3.1,Overall destination preview,,
81,VRQ_3,it helped me get an idea of what the city looks like,1.3,1.3.1,Overall destination preview,,
101,VRQ_2,get a sense of the scenery from a balcony view,1.3,1.3.1,Overall destination preview,,
115,VRQ_3,Get a good idea of views,1.3,1.3.1,Overall destination preview,,
159,VRQ_1,It showed sights,1.5,1.3.1,Overall destination preview,,
164,VRQ_2,It seems to give a good idea of what it looks like in person,1.3,1.3.1,Overall destination preview,,
170,VRQ_3,This medium provides an avenue for exploration.,1.3.1 ,1.3.1,Overall destination preview,,
234,VRQ_3,I could get a sense of what the places looked like on the ground,1.3,1.3.1,Overall destination preview,,
246,VRQ_3,The technology offers a good introduction to the area.,1.8,1.3.1,Overall destination preview,,
248,VRQ_1,Covers a good amount of Dubai,1.3,1.3.1,Overall destination preview,,
262,VRQ_1,I was able to view some interesting sites,1.3,1.3.1,Overall destination preview,,
272,VRQ_1,It's nice to be able to see Dubai,1.3,1.3.1,Overall destination preview,,
277,VRQ_1,It helped set an idea on what Dubai will look like,1.3,1.3.1,Overall destination preview,,
295,VRQ_1,I can get a very clear idea of what visiting Dubai would be like,1.3,1.3.1,Overall destination preview,,
333,VRQ_1,I was able to get a sense of what was around there.,1.3,1.3.1,Overall destination preview,,
341,VRQ_1,Gives you the feel of the place,1.3,1.3.1,Overall destination preview,,
341,VRQ_2,you get to see how the place looks like,1.3,1.3.1,Overall destination preview,,
344,VRQ_2,See a different part of the world,1.3,1.3.1,Overall destination preview,,
350,VRQ_2,I can see a place that I have never been before,1.3,1.3.1,Overall destination preview,,
367,VRQ_3,Can see it before you ever get to go to get a feel for it.,1.3,1.3.1,Overall destination preview,,
367,VRQ_1,You see the landscape that you wouldn't be able too before.,1.3,1.3.1,Overall destination preview,,
373,VRQ_3,EASY TO FORM AN OPINION OF THE AREA,1.3,1.3.1,Overall destination preview,,
375,VRQ_3,good idea of how “big” it is,1.3,1.3.1,Overall destination preview,,
379,VRQ_1,It was enlightening to see what Dubai looks like,1.3,1.3.1,Overall destination preview,,
383,VRQ_3,it could be helpful for showing people who can’t afford long distance travel different places in the world,1.3,1.3.1,Overall destination preview,,
384,VRQ_1,Able to see a travel destination,1.3,1.3.1,Overall destination preview,,
19,DQ_3,it gives you a sense of what the city is like,1.3,1.3.1 ,Overall destination preview,,
30,VRQ_2,Helpful,1.3,1.3.2,Overall Useful/helpful information,,
42,VRQ_3,It was helpful,1.3,1.3.2,Overall Useful/helpful information,,
52,VRQ_1,It is helpful,1.3,1.3.2,Overall Useful/helpful information,,
92,VRQ_2,helpful,1.3,1.3.2,Overall Useful/helpful information,,
209,VRQ_2,useful information,1.3,1.3.2,Overall Useful/helpful information,,
223,VRQ_1,Quite useful,1.3,1.3.2,Overall Useful/helpful information,,
251,VRQ_3,useful,1.3,1.3.2,Overall Useful/helpful information,,
268,VRQ_3,Useful,1.3,1.3.2,Overall Useful/helpful information,,
274,VRQ_3,Helpful,1.3,1.3.2,Overall Useful/helpful information,,
294,VRQ_4,This is very useful,1.3,1.3.2,Overall Useful/helpful information,,
316,VRQ_2,Helpful tool to explore,1.3,1.3.2,Overall Useful/helpful information,,
342,VRQ_2,Insightful,1.3,1.3.2,Overall Useful/helpful information,,
364,VRQ_1,very useful,1.3,1.3.2,Overall Useful/helpful information,,
69,VRQ_3,It was helpful to see the top destinations,Same information,1.3.3,To increase the destiantion knowledge,?,
89,VRQ_2,Helps to understand new area concepts,1.3,1.3.3,To increase the destiantion knowledge,,
89,VRQ_1,Increase knowledge area.,1.3,1.3.3,To increase the destiantion knowledge,,
114,VRQ_1,The VR tour gives a good idea of the layout of the city,1.3,1.3.3,To increase the destiantion knowledge,,
126,VRQ_3,educational,1.3,1.3.3,To increase the destiantion knowledge,,
212,VRQ_1,helps to see attractions,1.3,1.3.3,To increase the destiantion knowledge,,
229,VRQ_3,Felt like I was learning,1.3,1.3.3,To increase the destiantion knowledge,,
242,VRQ_3,"Helps to understand complex concepts, subjects, or theories.",1.3,1.3.3,To increase the destiantion knowledge,,
242,VRQ_1,Increase knowledge area.,1.3,1.3.3,To increase the destiantion knowledge,,
261,VRQ_1,It gave me a look into something I didn’t know much about,1.3,1.3.3,To increase the destiantion knowledge,,
261,VRQ_2,It let me see a lot of a place without going there,1.3,1.3.3,To increase the destiantion knowledge,,
266,VRQ_3,My view about Dubai has improved after taking the virtual tour.,1.3,1.3.3,To increase the destiantion knowledge,,
288,VRQ_4,I was able to gain an understanding of the layout.,1.3,1.3.3,To increase the destiantion knowledge,,
289,VRQ_4,The top over view gave me a better idea of how the environment was and which natural wonders I could potentially visit.,1.3,1.3.3,To increase the destiantion knowledge,,
295,VRQ_2,I can tell the quality of the beach,1.3,1.3.3,To increase the destiantion knowledge,,
384,VRQ_3,Able to see that it's a modern city,1.3,1.3.3,To increase the destiantion knowledge,,
105,VRQ_3,Lots of different locations,1.3,1.3.4,To get location and layout information,,
113,VRQ_3,list of locations that are useful,1.3,1.3.4,To get location and layout information,,
114,VRQ_2,The VR tour gives good insight into what there is to explore in Dubai.,1.3,1.3.4,To get location and layout information,,
115,VRQ_4,See how walkable the location is,1.3,1.3.4,To get location and layout information,,
167,VRQ_3,I felt I got a good feel of what the locations looked like,1.3,1.3.4,To get location and layout information,,
257,VRQ_1,It is nice to be able to see the locations as they would appear in real life.,2.5,1.3.4,To get location and layout information,,
279,VRQ_2,I can get a good sense of where different locations are,1.3,1.3.4,To get location and layout information,,
23,VRQ_3,Check out a place before you go in real life,1.3,1.3.5,To plan the travel,,
41,VRQ_1,Good for planning itenerary,1.3,1.3.5,To plan the travel,,
73,VRQ_1,It really allowed me to explore places that I would have considered if I was there,1.3,1.3.5,To plan the travel,,
78,VRQ_2,This way can help people decide whether to visit the destination or not.,1.3,1.3.5,To plan the travel,,
115,VRQ_2,A good way to pick where you want to stay and which attractions will be close,1.3,1.3.5,To plan the travel,,
128,VRQ_3,It makes for a great guide on what to do if you actually visit Dubai.,1.3,1.3.5,To plan the travel,,
168,DQ_3,can do a quick tour to find out where you want to take the time to go to when you are actually there,1.3,1.3.5,To plan the travel,,
189,VRQ_5,It would be easy to reference items you click on and check them against tour books etc. to help plan your trip and specific tourist attractions.,1.3,1.3.5,To plan the travel,,
205,VRQ_3,I got a sense of how to get around,1.3,1.3.5,To plan the travel,,
212,VRQ_2,it helps to see where to go,1.3,1.3.5,To plan the travel,,
277,VRQ_3,It showed me what types of food I will come to expect,1.3,1.3.5,To plan the travel,,
295,VRQ_3,"I feel like I am actually walking around, which gives me idea of my travel plans",1.3,1.3.5,To plan the travel,,
327,VRQ_1,Can be helpful for planning trips,1.3,1.3.5,To plan the travel,,
345,VRQ_3,A definite plus in helping with finding a destination to visit.,1.3,1.3.5,To plan the travel,,
364,VRQ_2,it could help plan vacations,1.3,1.3.5,To plan the travel,,
383,VRQ_1,this technology could help people decide whether they want to go to the places shown in VR tours,1.3,1.3.5,To plan the travel,,
159,VRQ_2,It gave ideas for activities,1.3,1.3.6,To know the destination activites,,
277,VRQ_2,It showed me what fun things I could do in Dubai,1.3,1.3.6,To know the destination activites,,
279,VRQ_3,I can look inside various locations to see if they are interesting to visit in person,1.7,1.3.6,Inside-building view,,
114,VRQ_3,It's a good way to find accomodation.,1.3,1.3.7,Hotel plan,,
147,VRQ_2,I liked being able to actually go into the hotel lobby and get an idea of where I might stay if traveling there,1.3,1.3.7,Hotel plan,,
9,VRQ_1,I liked being able to see the unique architecture,1.3,1.3.8,Desination architecture,?,
384,VRQ_2,Able to see architecture in the city,1.3,1.3.8,Desination architecture,?,
59,VRQ_1,Very nice architecture,Destination quality,1.3.8,Desination architecture,?,
19,VRQ_5,the interface is well designed,1.5,1.3.9,Overall user interface satisfaction ,,
7,VRQ_1,Easy to use,1.4,1.4.1,Easy to use (Overall),,
22,VRQ_4,It's very easy to use,1.4,1.4.1,Easy to use (Overall),,
24,VRQ_2,Easy to use interface,1.4,1.4.1,Easy to use (Overall),,
27,VRQ_2,easy to use,1.4,1.4.1,Easy to use (Overall),,
31,VRQ_5,This is pretty easy to use.,1.4,1.4.1,Easy to use (Overall),,
39,VRQ_3,Convenient,1.4,1.4.1,Easy to use (Overall),,
42,VRQ_2,It was easy to use,1.4,1.4.1,Easy to use (Overall),,
48,VRQ_3,Liked how easy it was for mobile,1.4,1.4.1,Easy to use (Overall),,
52,VRQ_2,It is easy,1.4,1.4.1,Easy to use (Overall),,
56,VRQ_1,Convinent,1.4,1.4.1,Easy to use (Overall),,
56,VRQ_3,Easy,1.4,1.4.1,Easy to use (Overall),,
66,VRQ_1,Easy to use,1.4,1.4.1,Easy to use (Overall),,
71,VRQ_3,It is very easy to make use of virtual reality to get to know Dubai.,1.4,1.4.1,Easy to use (Overall),,
80,VRQ_1,easy to use,1.4,1.4.1,Easy to use (Overall),,
89,VRQ_3,Easy to use,1.4,1.4.1,Easy to use (Overall),,
92,VRQ_1,easy to use,1.4,1.4.1,Easy to use (Overall),,
108,VRQ_3,easy to use,1.4,1.4.1,Easy to use (Overall),,
116,VRQ_1,easy to use,1.4,1.4.1,Easy to use (Overall),,
117,VRQ_3,Very easy to use,1.4,1.4.1,Easy to use (Overall),,
125,VRQ_1,very easy to use,1.4,1.4.1,Easy to use (Overall),,
130,VRQ_1,Convenient,1.4,1.4.1,Easy to use (Overall),,
148,VRQ_2,The UI is very clean and easy to use,1.4,1.4.1,Easy to use (Overall),,
163,VRQ_2,The tour was easy to use and provided good information,1.4,1.4.1,Easy to use (Overall),,
165,VRQ_3,Accessible,1.4,1.4.1,Easy to use (Overall),,
175,VRQ_6,easy to use,1.4,1.4.1,Easy to use (Overall),,
187,VRQ_1,made it easy,1.4,1.4.1,Easy to use (Overall),,
189,VRQ_7,"It's easy to use. I knew I could click, but I chose to just key the video play so I could take in the whole scene.",1.4,1.4.1,Easy to use (Overall),,
229,VRQ_1,It was easy to use,1.4,1.4.1,Easy to use (Overall),,
233,VRQ_1,The GUI is also easy to use.,1.4,1.4.1,Easy to use (Overall),,
237,VRQ_1,very easy to use,1.4,1.4.1,Easy to use (Overall),,
253,VRQ_2,Easy to use,1.4,1.4.1,Easy to use (Overall),,
274,VRQ_2,Easy to use,1.4,1.4.1,Easy to use (Overall),,
278,VRQ_2,easy to use,1.4,1.4.1,Easy to use (Overall),,
283,VRQ_3,Easy to use,1.4,1.4.1,Easy to use (Overall),,
321,VRQ_1,I thought the interface was easy to use.,1.4,1.4.1,Easy to use (Overall),,
326,VRQ_1,Ease,1.4,1.4.1,Easy to use (Overall),,
327,VRQ_3,Convenient,1.4,1.4.1,Easy to use (Overall),,
332,VRQ_2,Easy to use,1.4,1.4.1,Easy to use (Overall),,
333,VRQ_3,It was easy to use and intuitive.,1.4,1.4.1,Easy to use (Overall),,
336,VRQ_1,easy to use,1.4,1.4.1,Easy to use (Overall),,
342,VRQ_3,Simple,1.4,1.4.1,Easy to use (Overall),,
351,VRQ_3,ease of use,1.4,1.4.1,Easy to use (Overall),,
355,VRQ_1,intuitive,1.4,1.4.1,Easy to use (Overall),,
363,VRQ_9,The UI was easy to use generally,1.4,1.4.1,Easy to use (Overall),,
364,VRQ_3,easy to use,1.4,1.4.1,Easy to use (Overall),,
366,VRQ_2,easy to use,1.4,1.4.1,Easy to use (Overall),,
130,VRQ_3,Information Guide,1.3,1.4.10,Helful tour guide,,
173,VRQ_3,The tour guide was incredibly helpful,1.3,1.4.10,Helful tour guide,,
221,VRQ_2,helpful vr usage guide,1.5,1.4.10,Helful tour guide,,
231,VRQ_9,I would like to self-guide the tour,Negative,1.4.10,Helful tour guide,,
363,VRQ_10,I liked the tutorial int he begining,1.5,1.4.10,Helful tour guide,,
7,VRQ_6,Quick overview of potential vacation destination,2.3/1.3,1.4.11,Efficient to learn,,
81,VRQ_1,it's convenient to see possible destination choices,1.5,1.4.11,Efficient to learn,,
89,VRQ_4,Expands learners efficiency to gain knowledge,1.4,1.4.11,Efficient to learn,,
182,VRQ_3,"It is an efficient way to learn new skills, as students can take online courses and workshops.",1.4,1.4.11,Efficient to learn,,
23,VRQ_2,Save money,1.6,1.4.12,Money wise,,
43,VRQ_3,Convenient way to travel,1.4,1.4.12,Others-Conceniency,,
291,VRQ_3,Sensitivity to directional prompts (accuracy),1.4,1.4.12,Sensitivity,,
249,VRQ_3,This is smooth and easy to use,1.4,1.4.2,Smooth run,easy to use,
16,VRQ_2,the movement was steady,1.4,1.4.2,Smooth run,,
16,VRQ_1,the transition was smooth,1.4,1.4.2,Smooth run,,
41,VRQ_4,"tech was smooth, no glitching or unresponsive links",1.4,1.4.2,Smooth run,,
57,VRQ_1,it didnt have any distortion or lag,1.4,1.4.2,Smooth run,,
60,VRQ_1,Smooth,1.4,1.4.2,Smooth run,,
75,VRQ_2,moves at the right speed,1.4,1.4.2,Smooth run,,
77,VRQ_1,the VR went at a nice steady pace,1.4,1.4.2,Smooth run,,
106,VRQ_4,The navigation is smooth and quick,1.4,1.4.2,Smooth run,,
116,VRQ_3,fast speed/no lagging movement,1.4,1.4.2,Smooth run,,
118,VRQ_2,It moved in a consitient manner,1.4,1.4.2,Smooth run,,
129,VRQ_3,The camera movement is just the right pace.,1.4,1.4.2,Smooth run,,
221,VRQ_3,no lag or glitches,1.4,1.4.2,Smooth run,,
227,VRQ_2,Everything is very fluid,1.4,1.4.2,Smooth run,,
243,VRQ_2,It didnt lag,1.4,1.4.2,Smooth run,,
265,VRQ_1,The technology was easy flowing.,1.4,1.4.2,Smooth run,,
271,VRQ_1,it seemed to run smoothly,1.4,1.4.2,Smooth run,,
291,VRQ_2,Smooth pans across screen when moving,1.4,1.4.2,Smooth run,,
319,VRQ_2,Smooth speed,1.4,1.4.2,Smooth run,,
322,VRQ_3,No lag,1.4,1.4.2,Smooth run,,
337,VRQ_1,Moving around was seamless,1.4,1.4.2,Smooth run,,
347,VRQ_3,Navigation was easy and smooth,1.4,1.4.2,Smooth run,,
351,VRQ_1,ran smoothly,1.4,1.4.2,Smooth run,,
386,VRQ_1,predictable movement,1.4,1.4.2,Smooth run,,
388,VRQ_2,The tour did not move too fast.,1.4,1.4.2,Smooth run,,
155,VRQ_3,i can zoom out and see everything quickly,1.4,1.4.3,Quick reponse,Zoom function,
354,VRQ_6,Zooms in to quickly,Negative,1.4.3,Quick response,Zoom function,
41,VRQ_5,able to provide feedback quickly if needed,1.4,1.4.3,Quick reponse,,
245,VRQ_1,It was quick,1.4,1.4.3,Quick reponse,,
285,VRQ_3,Fast,1.4,1.4.3,Quick response,,
294,VRQ_1,Everything moves quickly,1.4,1.4.3,Quick response,,
331,VRQ_3,I was impressed by the snappy loading times.,1.4,1.4.3,Quick response,,
352,VRQ_2,The HUD was well done and responsive,1.4,1.4.3,Quick reponse,,
368,VRQ_2,It's nice to be able to move around quickly,1.4,1.4.3,Quick response,,
7,VRQ_4,Easy navagation,1.4,1.4.4,Easy to move around,,
12,VRQ_2,ease of movement,1.4,1.4.4,Easy to move around,,
19,VRQ_4,the controls were easy to use,1.4,1.4.4,Easy to move around,,
31,VRQ_2,I'm able to click easily on places I'm interested in.,1.4,1.4.4,Easy to move around,,
50,VRQ_1,I thought the controls were very intuitive and I was easily able to move around the scene.,1.4,1.4.4,Easy to move around,,
70,VRQ_2,It was easy to navigate between destinations,1.4,1.4.4,Easy to move around,,
77,VRQ_1,easy to navigate,1.4,1.4.4,Easy to move around,,
96,VRQ_2,easy to click icons to go to a new destination,1.4,1.4.4,Easy to move around,,
105,VRQ_2,Easy to navigate,1.4,1.4.4,Easy to move around,,
106,VRQ_1,This is very easy to navigate,1.4,1.4.4,Easy to move around,,
115,VRQ_1,Very easy to spot resorts,1.4,1.4.4,Easy to move around,,
142,VRQ_3,easy to navigate proccess,1.4,1.4.4,Easy to move around,,
145,VRQ_1,It is easy to navigate,1.4,1.4.4,Easy to move around,,
155,VRQ_2,it's so easy to navigate to other areas,1.4,1.4.4,Easy to move around,,
165,VRQ_2,Easy navigation,1.4,1.4.4,Easy to move around,,
173,VRQ_4,The website was easy to navigate,1.4,1.4.4,Easy to move around,,
176,VRQ_3,easy to navigate,1.4,1.4.4,Easy to move around,,
178,VRQ_4,Easy to move around,1.4,1.4.4,Easy to move around,,
193,VRQ_1,Easy to Navigage,1.4,1.4.4,Easy to move around,,
195,VRQ_2,It was easy to select places of interest and navigate to then,1.4,1.4.4,Easy to move around,,
202,VRQ_2,easy navigation,1.4,1.4.4,Easy to move around,,
205,VRQ_1,It was easy to navigate,1.4,1.4.4,Easy to move around,,
221,VRQ_1,easy interface to click and view,1.4,1.4.4,Easy to move around,,
328,VRQ_4,Liked being able to move around quickly,1.4,1.4.4,Easy to move around,,
371,VRQ_2,Easy to jump from one location to another,1.4,1.4.4,Easy to move around,,
375,VRQ_2,easy to jump from spot to spot,1.4,1.4.4,Easy to move around,,
153,VRQ_1,The video scenes went very slow.,Negative,1.4.5,Slow speed,?,
137,VRQ_4,moved slowly,Unclear,1.4.5,Slow speed,?,
33,VRQ_3,nice slow pace,1.4,1.4.5,Slow speed,,
72,VRQ_2,The slower movement allowed me to really look at things,1.4,1.4.5,Slow speed,,
118,VRQ_3,It moved slowly so you could view what you wanted to,1.4,1.4.5,Slow speed,,
219,VRQ_3,Pan was slow to allow for maximum enjoyment,1.4,1.4.5,Slow speed,,
358,VRQ_3,Very slow and thorough pace,1.4,1.4.5,Slow speed,,
61,VRQ_3,Easy to understand,1.4,1.4.6,Easy to understand,,
80,VRQ_2,clear instructions,1.4,1.4.6,Easy to understand,,
80,VRQ_4,easy to understand with names,1.4,1.4.6,Easy to understand,,
96,VRQ_3,information and description were easy to access,1.4,1.4.6,Easy to understand,,
111,VRQ_3,I thought the instructiveness of the site was decent enough.,1.4,1.4.6,Easy to understand,,
189,VRQ_9,It's simple and easy to understand.,1.4,1.4.6,Easy to understand,,
283,VRQ_2,Easy to understand,1.4,1.4.6,Easy to understand,,
6,VRQ_4,the controls were intuitive,1.4,1.4.7,Easy to control,,
178,VRQ_3,Easy to control,1.4,1.4.7,Easy to control,,
254,VRQ_2,The controls were easy to use,1.4,1.4.7,Easy to control,,
265,VRQ_3,The controls were very intuitive.,1.4,1.4.7,Easy to control,,
312,VRQ_3,Easy interaction,1.4,1.4.7,Easy to control,,
54,VRQ_4,It seems user friendly,1.4,1.4.8,User-friendliness,,
380,VRQ_2,Interface was user friendly,1.4,1.4.8,User-friendliness,,
106,VRQ_3,"I like the flexability of viewpoints, at areas of interest",1.5,1.4.9,Flexability ,,
189,VRQ_8,It's flexible and adaptable. Everyone will have a different viewing experience that suits their needs.,1.6,1.4.9,Flexability ,,
12,VRQ_4,many choices,Unclear,1.5.1,Variety of options,?,
1,VRQ_4,The site features great interactive tools,1.5,1.5.1,Variety of options,,
7,VRQ_3,Lots of tools,1.5,1.5.1,Variety of tools,,
21,VRQ_2,There were many things to click on/look at,1.7,1.5.1,Variety of options,,
26,VRQ_2,Options for exploration,1.5,1.5.1,Variety of options,,
58,VRQ_3,I think this looks polished and I like being able to switch between so many different viewpoints. as well as suggested locations,1.5,1.5.1,Variety of options,,
58,VRQ_1,there are a lot of features to explore in this!,1.6,1.5.1,Variety of options,,
61,VRQ_4,Able to wander around to a lot of locations within the attractions,1.5,1.5.1,Variety of options,,
117,VRQ_2,Lots of options to use,1.5,1.5.1,Variety of options,,
132,VRQ_3,Variety of photos,1.7,1.5.1,Variety of photos,,
164,VRQ_3,There are a lot of options,1.5,1.5.1,Variety of options,,
256,VRQ_3,There was a lot of luxury on display,1.7,1.5.1,Variety of options,,
284,VRQ_2,The number of interaction spots available to explore,1.5,1.5.1,Variety of options,,
329,VRQ_1,I like the amount of buttons,1.5,1.5.1,Variety of options,,
335,VRQ_1,Many different options to explore dubai,1.5,1.5.1,Variety of options,,
359,VRQ_2,I was able to see attraction options to choose from,1.5,1.5.1,Variety of options,,
76,VRQ_2,It looks like Venice at night,Destination Quality,1.5.11,Night view,?,
9,VRQ_2,I liked seeing the sites at night,2.3,1.5.11,Night view,,
94,VRQ_2,I liked the highlights spots indicating you could click on them,1.5,1.5.12,Tabs to show highlights,,
109,VRQ_3,seeing the highlights of this country makes me want to visit there.,1.7,1.5.12,Tabs to show highlights,,
158,VRQ_3,Different times of day were good too.,1.5,1.5.12,Time lapse videos,,
169,VRQ_3,pin pointed specific recommended spots,1.5,1.5.12,Tabs to show highlights,,
222,VRQ_4,Tabs to show specific highlights,1.5,1.5.12,Tabs to show highlights,,
230,VRQ_3,I enjoy being able to click on popular destinations.,1.5,1.5.12,Tabs to show highlights,,
239,VRQ_3,Easy to see all the highlights,1.4,1.5.12,Tabs to show highlights,,
245,VRQ_2,Highlighted important locations,1.5,1.5.12,Tabs to show highlights,,
264,VRQ_2,Good markers for points of interest,1.5,1.5.12,Tabs to show highlights,,
302,VRQ_1,Showed highlights,1.5,1.5.12,Tabs to show highlights,,
329,VRQ_2,I like that the buttons highlighted so many different landmarks,1.5,1.5.12,Tabs to show highlights,,
22,VRQ_2,I like the floating things to show information,1.5,1.5.13,Helpful information tab,,
50,VRQ_3,"I like that each scene has an information tab that gives you information about what it is, like the reason why it was built.",1.5,1.5.13,Helpful information tab,,
88,VRQ_4,i liked the information tab as it gave helpful information,1.5,1.5.13,Helpful information tab,,
237,VRQ_3,good descriptions,1.5,1.5.13,Helpful information tab,,
272,VRQ_2,I like that there are information spots,1.5,1.5.13,Helpful information tab,,
246,VRQ_1,It's cool that I can click on different spots.,1.5,1.5.14,Ability to click on destination labels,cool,
13,VRQ_1,I liked the ability to click on icons for more information,1.5,1.5.14,Ability to click on destination labels,,
40,VRQ_2,It's nice that there are tags/a key marking the area,1.5,1.5.14,Ability to click on destination labels,,
41,VRQ_3,Being able to click on landmarks and get info,1.5,1.5.14,Ability to click on destination labels,,
49,VRQ_2,Had a lot of different clickable spots in each destination,1.5,1.5.14,Ability to click on destination labels,,
97,VRQ_3,Having landmarks noted helped draw the eye,1.5,1.5.14,Ability to click on destination labels,,
106,VRQ_2,I like all the icons leading to points of interest,1.5,1.5.14,Ability to click on destination labels,,
141,VRQ_2,dream jump has a video i can click and look at the experience,1.5,1.5.14,Ability to click on destination labels,,
147,VRQ_5,My favorite and most interesting was being able to click on attractions for greater detail,1.5,1.5.14,Ability to click on destination labels,,
150,VRQ_1,The icons made it feel like I could select items to find out more information.,1.5,1.5.14,Ability to click on destination labels,,
162,VRQ_1,I enjoyed how there were tags to mark what type of location the place is and gives you the information.,1.5,1.5.14,Ability to click on destination labels,,
193,VRQ_5,glad it had clickable icons to see different kinds of places,1.5,1.5.14,Ability to click on destination labels,,
202,VRQ_3,Helpful labels,1.5,1.5.14,Ability to click on destination labels,,
254,VRQ_1,The landmarks were well marked,1.5,1.5.14,Ability to click on destination labels,,
265,VRQ_2,Having icons to click for different attractions made it easy to jump around.,1.5,1.5.14,Ability to click on destination labels,,
288,VRQ_2,Clear labels for different locations.,1.5,1.5.14,Ability to click on destination labels,,
289,VRQ_6,The color coding of the various aspects of the tour would make it easy to distinguish things from a distance.,1.5,1.5.14,Ability to click on destination labels,,
298,VRQ_2,Clicking the attractions and going there was nice.,1.5,1.5.14,Ability to click on destination labels,,
298,VRQ_3,"The explore button was very handy, making it easier to find locations.",1.5,1.5.14,Ability to click on destination labels,,
337,VRQ_3,I enjoyed seeing landmarks while im in the air,1.5,1.5.14,Ability to click on destination labels,,
358,VRQ_2,Lots of information bubbles,1.5,1.5.14,Ability to click on destination labels,,
380,VRQ_3,A lot of options for places to explore,1.5,1.5.14,Ability to click on destination labels,,
311,VRQ_2,It’s cool you can click around,1.5,1.5.15,Ability to move around,Cool,
31,VRQ_4,I like being able to use my mouse and arrow keys.,1.5,1.5.15,Ability to move around,,
164,VRQ_4,I like being able to click and go straight to a location,1.5,1.5.15,Ability to move around,,
222,VRQ_2,Better than a picture because it moved around,1.5,1.5.15,Ability to move around,,
282,VRQ_1,Way points to navigate to,1.5,1.5.15,Ability to move around,,
356,VRQ_2,I like that you can use the keyboard to look around,1.5,1.5.15,Ability to move around,,
371,VRQ_3,Freedom of looking around using Virtual Reality,1.5,1.5.15,Ability to move around,,
161,VRQ_2,The fact I could move the camera around during the timelapse is blowing my mind!,1.5,1.5.16,Ability to change the views,,
199,VRQ_3,interesting how the camera was moving  on the video,,1.5.16,Ability to change the views,,
298,VRQ_1,Its really nice being able to move around 360.,1.5,1.5.16,Ability to change the views,,
54,VRQ_1,I could see how it could feel like I could control my tour,1.5,1.5.17,Ability to control,,
258,VRQ_3,It seems to offer many controls and possibilities to look at Dubai as compared to just looking at photos online before traveling,1.5,1.5.17,Ability to control,,
372,VRQ_2,I can choose what I want to see,1.5,1.5.17,Ability to control,,
65,VRQ_2,The actual the recordings of events you could do like skydiving.,1.5,1.5.18,Ability to watch videos,,
112,VRQ_6,"Awesome, you can watch clips!",1.5,1.5.18,Ability to watch videos,,
147,VRQ_1,I liked the time lapse video of the city showing it at different times of the day,1.5,1.5.18,Ability to watch videos,,
352,VRQ_3,"I loved how deep it was, particularly with the time lapse videos",1.5,1.5.18,Ability to watch videos,,
375,VRQ_1,i liked time lapse,1.5,1.5.18,Ability to watch videos,,
196,VRQ_1,I liked being able to search for specific destinations,1.5,1.5.19,Ability to search,,
331,VRQ_1,I appreciated the search feature.,1.5,1.5.19,Ability to search,,
65,VRQ_1,I thought the different viewing options where amazing!!,1.5,1.5.2,Variety of views,Impressive experience,
111,VRQ_2,I like that one feature where you're above the city and it shows a day to night cycle.,1.5,1.5.2,Variety of views,Night view,
119,VRQ_3,It showed the beauty of Dubai in both the daytime and nighttime.,1.5,1.5.2,Variety of views,Night view,
137,VRQ_3,day/night view,1.5,1.5.2,Variety of views,Night view,
20,VRQ_2,I like the variety of views available,1.5,1.5.2,Variety of views,,
24,VRQ_3,Good variety of views,1.5,1.5.2,Variety of views,,
40,VRQ_3,I can see things from a different perspective than I could in person,1.5,1.5.2,Variety of views,,
50,VRQ_2,I like the different view options. The little planet view was very interesting.,1.5,1.5.2,Variety of views,,
88,VRQ_3,i liked how you can go inside and outside,1.5,1.5.2,Variety of views,,
140,VRQ_3,Scenic from every location,2.1,1.5.2,Variety of views,,
148,VRQ_3,A lot of options for different viewing modes,1.5,1.5.2,Variety of views,,
150,VRQ_2,The video showed both indoor and outdoor views.,1.5,1.5.2,Variety of views,,
158,VRQ_2,Different views were helpful.,1.5,1.5.2,Variety of views,,
177,VRQ_2,Great variety of views,1.5,1.5.2,Variety of views,,
193,VRQ_3,Liked being able to see interior and outer spots,1.5,1.5.2,Variety of views,,
208,VRQ_2,I liked how the camera would move and show all angles,1.5,1.5.2,Variety of views,,
218,VRQ_1,There were a lot of options to look at,1.5,1.5.2,Variety of views,,
226,VRQ_2,there were a wide variety of shots,1.5,1.5.2,Variety of views,,
234,VRQ_2,It gave a full view of each place,1.5,1.5.2,Variety of views,,
262,VRQ_2,It was better than viewing still pictures,1.5,1.5.2,Variety of views,,
263,VRQ_1,Sneak peak of mutiple vistas!,1.5,1.5.2,Variety of views,,
264,VRQ_1,Nice camera levels,1.5,1.5.2,Variety of views,,
282,VRQ_3,Good view points,1.5,1.5.2,Variety of views,,
293,VRQ_3,A variety of scenes were presented,1.7,1.5.2,Variety of views,,
300,VRQ_2,I liked being able to shift the perspective.,1.5,1.5.2,Variety of views,,
301,VRQ_1,I liked that it showed different attraction points.,1.3,1.5.2,Variety of views,,
330,VRQ_1,"It's nice to be able to see a wide, full shot of a location",1.5,1.5.2,Variety of views,,
370,VRQ_2,it gives you different perspectives of each spot,1.5,1.5.2,Variety of views,,
371,VRQ_1,Some places had videos to play,1.5,1.5.2,Video feature,,
373,VRQ_2,HOLLISTIC VIEW OF THE TOWN,2.1,1.5.2,Variety of views,,
380,VRQ_4,"Various types of media (still pictures, time lapse, etc)",1.5,1.5.2,Variety of views,,
48,VRQ_1,Liked the videos in 360,1.5,1.5.22,360-degree view,360-degree view,
90,VRQ_2,I liked the ability to rotate 360 degrees in all images,1.5,1.5.22,360 degree view,360-degree view,
97,VRQ_1,I liked the panoramic panning,1.5,1.5.22,360-degree view,360-degree view,
203,VRQ_1,360 degree view,1.5,1.5.22,360 degree view,360-degree view,
222,VRQ_3,See a 360 view,1.5,1.5.22,360 degree view,360-degree view,
313,VRQ_2,I like that there is a 360 view of everything,1.5,1.5.22,360-degree view,360-degree view,
347,VRQ_1,Good features (360 view),1.5,1.5.22,360-degree view,360-degree view,
193,VRQ_4,really enjoyed the tour mode option,1.5,1.5.23,Tour mode option,,
269,VRQ_3,Enjoyed how there was automatic tours,1.5,1.5.23,Tour mode option,,
147,VRQ_4,The zoom feature worked well to examine areas of interest more in detail,1.5,1.5.24,Zoom function,,
149,VRQ_3,I wanted to zoom in a lot.,1.5,1.5.24,Zoom function,,
189,VRQ_2,You could click and zoom in on items you wanted more information on.,1.5,1.5.24,Zoom function,,
347,VRQ_2,Zoom function was helpful to read signs,1.5,1.5.24,Zoom function,,
10,VRQ_3,Amazing views,2.1,1.5.25,High quality view (Overall),Impressive experience,
352,VRQ_1,The view was amazing,2.1,1.5.25,High quality view (Overall),Impressive experience,
57,VRQ_3,it was shot from great angles,2.1,1.5.25,High quality view (Overall),,
73,VRQ_2,It provide a great visual view of the city itself,2.1,1.5.25,High quality view (Overall),,
75,VRQ_1,View was good,2.1,1.5.25,High quality view (Overall),,
118,VRQ_1,It showed the sights nicely,2.1,1.5.25,High quality view (Overall),,
198,VRQ_1,the angles were nice,2.1,1.5.25,High quality view (Overall),,
199,VRQ_2,good views,2.1,1.5.25,High quality view (Overall),,
225,VRQ_2,have a good view,2.1,1.5.25,High quality view (Overall),,
90,VRQ_3,I liked the ability to see birds eye viewpoints,1.5,1.5.26,Birds-eye viewpoints,,
132,VRQ_1,Interesting location photos,,1.5.26,Other function availability,?,
141,VRQ_3,i like the ability to look at english translations,1.5,1.5.26,Other function availability-English translation,,
271,VRQ_3,it seemed 3 dimensional instead of just looking at an image on the screen,1.5,1.5.26,Other function availability-3D inforamtion,,
322,VRQ_2,There was interesting information available,1.3,1.5.26,Other function availability,?,
359,VRQ_3,I liked that you can see what it looks like in that city at current times.,1.5,1.5.26,Other function availability-Real-time view,,
233,VRQ_4,All buttons seem to work as intended.,1.5,1.5.4,Accurate functions,,
350,VRQ_3,I can see clear labels delineating the type of establishment I am viewing.,1.5,1.5.4,Accurate functions,,
189,VRQ_1,I like that it's like a full panoramic view.,1.5,1.5.6,Panoramic viewpoints,,
335,VRQ_2,I like the zoom feature and the panoramic view of the city,1.5,1.5.6,Panoramic viewpoints,Zoom function,
3,VRQ_2,Panoramic viewpoints,1.5,1.5.6,Panoramic viewpoints,Panoramic viewpoints,
61,VRQ_2,Extensive views of the areas,1.5,1.5.6,Panoramic viewpoints,Panoramic viewpoints,
304,VRQ_6,everything looked spacious,2.1,1.5.6,Panoramic viewpoints,Panoramic viewpoints,
250,VRQ_1,It was cool seeing the view from the top of the buildings,1.5,1.5.7,Aerial viewpoints,cool,
171,VRQ_2,The view afforded by drones was impressive.,2.1,1.5.7,Aerial viewpoints,Impressive experience,
360,VRQ_3,Watching timelapses from rooftops,1.5,1.5.7,Aerial viewpoints,Time lapse videos,
41,VRQ_2,Aerial shots are nice,1.5,1.5.7,Aerial viewpoints,,
44,VRQ_3,the aerial view of the city was breathtaking,2.1,1.5.7,Aerial viewpoints,2.1.2,2.1.2
124,VRQ_1,The fly over gave the scale and breath of the city,1.5,1.5.7,Aerial viewpoints,,
193,VRQ_2,Enjoyed areal views especially,"1,5",1.5.7,Aerial viewpoints,,
218,VRQ_2,I liked the aerial views,1.5,1.5.7,Aerial viewpoints,,
269,VRQ_2,Loved the head level photos,2.2,1.5.7,Aerial viewpoints,,
298,VRQ_4,The hub mode to easily go back to the helicopter view was nice.,1.5,1.5.7,Aerial viewpoints,,
328,VRQ_2,Liked being able to see sky views,1.5,1.5.7,Aerial viewpoints,,
359,VRQ_1,I liked how you can view the hotel view from high up in the air.,1.5,1.5.7,Aerial viewpoints,,
65,VRQ_3,The Atlantis Hotel with all of the rooms and private viewing of the rooms or building.,Destination Quality,1.5.8,Inside-building viewpoints,?,
379,VRQ_2,"I found the interiors interesting, it was fun to see inside buildings I'll never visit",Destination Quality,1.5.8,Inside-building viewpoints,?,
137,VRQ_2,inside view,Not included,1.5.8,Inside-building viewpoints,?,
48,VRQ_2,Inside of the mall your cool,Unclear,1.5.8,Inside-building viewpoints,Cool?,
211,VRQ_3,The inside of the building showed amazing architecture.,1.5,1.5.8,Inside-building viewpoints,Impressive experience,
44,VRQ_1,I really like how they show they inside lobbies of hotels and other buildings,1.5,1.5.8,Inside-building viewpoints,,
328,VRQ_3,Liked being able to see inside some buildings,1.5,1.5.8,Inside-building viewpoints,,
360,VRQ_2,Being able to see inside the buildings,1.5,1.5.8,Inside-building viewpoints,,
388,VRQ_3,I appreciate that the tour actually went into buildings.,1.5,1.5.8,Inside-building viewpoints,,
44,VRQ_2,love to see the street view of buildings,1.5,1.5.9,Street viewpoints,,
70,VRQ_3,Street view allowed a good look into what the society looks like if I were to visit,1.5,1.5.9,Street viewpoints,,
160,VRQ_1,It gave me street views of the location.,1.5,1.5.9,Street viewpoints,,
55,VRQ_3,new,1.6,1.6.1,Up to date technology,,
154,VRQ_3,Up to date,1.6,1.6.1,Up to date technology,,
174,VRQ_3,new to me,1.6,1.6.1,Up to date technology,,
304,VRQ_8,everything looked up to date,1.6,1.6.1,Up to date technology,,
304,VRQ_9,everything looked very new,1.6,1.6.1,Up to date technology,,
355,VRQ_5,new,1.6,1.6.1,Up to date technology,,
376,VRQ_3,Futuristic,1.6,1.6.1,Up to date technology,,
49,VRQ_1,Comprehensive,Unclear,1.6.2,Sofisticated design,?,
206,VRQ_2,Comprehensive,Unclear,1.6.2,Sofisticated design,?,
243,VRQ_3,It played fully.,Unclear,1.6.2,Sofisticated design,?,
163,VRQ_3,I enjoyed how professional the tour was and how well it was set up,1.5,1.6.2,Sofisticated design,,
173,VRQ_2,The scenes were amazingly put together,1.6,1.6.2,Sofisticated design,,
233,VRQ_3,The site looks polished and finished.,1.6,1.6.2,Sofisticated design,,
22,VRQ_3,I thought they picked really good places to show,1.8,1.8.1,High-quality destination Content preparation,,
219,VRQ_2,Selected images were nice,1.8,1.8.1,High-quality destination Content preparation,,
228,VRQ_2,The pictures they picked for the venues were nice,1.8,1.8.1,High-quality destination Content preparation,,
280,VRQ_3,Captures the beauty of Dubai,1.8,1.8.1,High-quality destination Content preparation,,
33,VRQ_2,good colors,2.1,2.1.1,Color palette ,,
72,VRQ_4,The colors were vibrant.,2.1,2.1.1,Color palette ,,
98,VRQ_3,Colorful,2.1,2.1.1,Color palette ,,
146,VRQ_4,Colorful,2.1,2.1.1,Color palette ,,
171,VRQ_4,The colors were vibrant and clear. Good cameras.,2.1,2.1.1,Color palette ,,
186,VRQ_2,Love the pop of color,2.1,2.1.1,Color palette ,,
199,VRQ_1,colorful pictures,2.1,2.1.1,Color palette ,,
240,VRQ_2,It had some colorful images of the waterfront hotel,2.1,2.1.1,Color palette ,,
329,VRQ_3,I loved that the colors were nice and bright,2.1,2.1.1,Color palette ,,
332,VRQ_5,Colorful,2.1,2.1.1,Color palette ,,
161,VRQ_1,The gigapixels from the Burj Khalifa were incredible. The detail on the whole panorama was amazing!,2.2,2.1.10,Detailed description,Impressive experience,
21,VRQ_3,Very detailed,2.2,2.1.10,Detailed description,,
28,VRQ_3,The ability to see things in detail that I will never see in person,,2.1.10,Detailed description,,
32,VRQ_3,lots of detail,2.2,2.1.10,Detailed description,,
112,VRQ_10,I love the attention to detail,2.2,2.1.10,Detailed description,,
123,VRQ_1,it is really detailed,2.2,2.1.10,Detailed description,,
127,VRQ_2,The images were very detailed,2.2,2.1.10,Detailed description,,
148,VRQ_1,Very detailed 360 degree photos,2.2,2.1.10,Detailed description,,
167,VRQ_2,The VR was highly detailed,2.2,2.1.10,Detailed description,,
168,VRQ_1,Really detailed,2.2,2.1.10,Detailed description,,
202,VRQ_4,detailed description,2.2,2.1.10,Detailed description,,
226,VRQ_3,you got to see a lot of things in detail,2.2,2.1.10,Detailed description,,
249,VRQ_2,I was not expecting such detail and so many options,2.2,2.1.10,Detailed description,,
249,VRQ_5,This is very detailed.,2.2,2.1.10,Detailed description,,
269,VRQ_1,Very detailed imagery,2.2,2.1.10,Detailed description,,
280,VRQ_1,Very detailed,2.2,2.1.10,Detailed description,,
305,VRQ_1,Detailed,2.2,2.1.10,Detailed description,,
315,VRQ_1,Very detailed,2.2,2.1.10,Detailed description,,
366,VRQ_3,very detailed,2.2,2.1.10,Detailed description,,
96,VRQ_1,ultra vivid images,2.2,2.1.11,Vividness,,
253,VRQ_1,Vivid,2.1,2.1.11,Vividness,,
251,VRQ_2,bright,Unclear,2.1.12,Lighting ,?,
5,VRQ_2,bright,2.1,2.1.12,Lighting,,
8,VRQ_4,Lots of sunlight,Destination Quality,2.1.12,Lighting ,,
217,VRQ_2,I liked the lighting.,2.1,2.1.12,Lighting ,,
15,VRQ_2,It gave great visuals,2.1,2.1.2,Beauty (Overall),?,
35,VRQ_2,Allows me to see the beauty,,2.1.2,Beauty (Overall),?,
10,VRQ_2,It's beautiful,2.1,2.1.2,Beauty (Overall),,
30,VRQ_1,Visually compelling,2.1,2.1.2,Beauty (Overall),,
32,VRQ_1,very beautiful view,2.1,2.1.2,Beauty (Overall),,
36,VRQ_3,get a real good visual,2.1,2.1.2,Beauty (Overall),,
38,VRQ_3,Beautiful!,2.1,2.1.2,Beauty (Overall),,
45,VRQ_1,This was very beautiful,2.1,2.1.2,Beauty (Overall),,
53,VRQ_1,Beautiful,2.1,2.1.2,Beauty (Overall),,
66,VRQ_3,looks very pretty,2.1,2.1.2,Beauty (Overall),,
72,VRQ_3,It was visually appealing.,2.1,2.1.2,Beauty (Overall),,
83,VRQ_2,Great visual perspectives,2.1,2.1.2,Beauty (Overall),,
85,VRQ_1,Glamorous,2.1,2.1.2,Beauty (Overall),,
98,VRQ_1,Beautiful,2.1,2.1.2,Beauty (Overall),,
101,VRQ_1,pretty visuals,2.1,2.1.2,Beauty (Overall),,
104,VRQ_2,How incredibly beautiful it looked,2.1,2.1.2,Beauty (Overall),,
112,VRQ_2,It looks so good.,2.1,2.1.2,Beauty (Overall),,
134,VRQ_3,Beautiful,2.1,2.1.2,Beauty (Overall),,
135,VRQ_1,Very beautiful,2.1,2.1.2,Beauty (Overall),,
141,VRQ_4,it looks stunning,2.1,2.1.2,Beauty (Overall),,
146,VRQ_5,Pretty,2.1,2.1.2,Beauty (Overall),,
166,VRQ_3,Breathtaking,2.1,2.1.2,Beauty (Overall),,
175,VRQ_1,pretty,2.1,2.1.2,Beauty (Overall),,
175,VRQ_2,visually pleasing,2.1,2.1.2,Beauty (Overall),,
192,VRQ_4,beautiful,2.1,2.1.2,Beauty (Overall),,
206,VRQ_4,Good looking,2.1,2.1.2,Beauty (Overall),,
210,VRQ_1,Great view,2.1,2.1.2,Beauty (Overall),,
216,VRQ_1,Beauty,2.1,2.1.2,Beauty (Overall),,
220,VRQ_1,Beautiful,2.1,2.1.2,Beauty (Overall),,
226,VRQ_1,the visuals were very attractive,2.1,2.1.2,Beauty (Overall),,
232,VRQ_1,It was pretty,2.1,2.1.2,Beauty (Overall),,
239,VRQ_1,it was very pretty,2.1,2.1.2,Beauty (Overall),,
253,VRQ_3,Attractive,2.1,2.1.2,Beauty (Overall),,
274,VRQ_1,Beautiful,2.1,2.1.2,Beauty (Overall),,
296,VRQ_1,wow this is pretty,2.1,2.1.2,Beauty (Overall),,
299,VRQ_1,Scenic,2.1,2.1.2,Beauty (Overall),,
306,VRQ_2,Its beautiful,2.1,2.1.2,Beauty (Overall),,
311,VRQ_1,It’s very pretty,2.1,2.1.2,Beauty (Overall),,
323,VRQ_1,Beautiful,2.1,2.1.2,Beauty (Overall),,
332,VRQ_1,beautiful,2.1,2.1.2,Beauty (Overall),,
334,VRQ_1,Pretty,2.1,2.1.2,Beauty (Overall),,
336,VRQ_2,Visually appealing,2.1,2.1.2,Beauty (Overall),,
340,VRQ_1,This is beautiful,2.1,2.1.2,Beauty (Overall),,
343,VRQ_1,Beautiful,2.1,2.1.2,Beauty (Overall),,
377,VRQ_1,Beautiful,2.1,2.1.2,Beauty (Overall),,
12,VRQ_5,beautiful  buildings,2.1,2.1.3,Building beauty,,
140,VRQ_1,The vast amount of beautiful buildings,2.1,2.1.3,Building beauty,,
79,VRQ_2,the ocean,Unclear,2.1.4,Water beauty,?,
45,VRQ_4,The water was stunning,2.1,2.1.4,Water beauty,,
59,VRQ_2,Beautiful surrounding waters,2.1,2.1.4,Water beauty,,
4,VRQ_2,pretty ocean view,Destination Quality,2.1.5,Viewpoint beauty ,?,
324,VRQ_3,the vista was beautiful,2.1,2.1.5,Viewpoint beauty ,High quality view (Overall),
185,VRQ_1,how beautiful it was at night,2.1,2.1.5,Viewpoint beauty ,Night view,
1,VRQ_3,The sites were beautiful,2.1,2.1.5,Viewpoint beauty ,,
3,VRQ_1,Nice viewpoints of some desirable areas,2.1,2.1.5,Viewpoint beauty ,,
94,VRQ_1,The scenery was beautiful I liked the high view,2.1,2.1.5,Viewpoint beauty ,,
188,VRQ_2,stunning views,2.1,2.1.5,Viewpoint beauty ,,
227,VRQ_1,The streets look beautiful,2,2.1.5,Viewpoint beauty ,?,
249,VRQ_4,Stunning views... I wish I could virtually travel all over the world,2.1,2.1.5,Viewpoint beauty ,,
254,VRQ_4,The tour view was nice to just sit back and watch,2.1,2.1.5,Viewpoint beauty ,,
264,VRQ_3,Beautiful views,2.1,2.1.5,Viewpoint beauty ,,
301,VRQ_2,Some of the scenes it showed were very pretty.,2.1,2.1.5,Viewpoint beauty ,,
302,VRQ_2,showed beauty of Dubai,2.1,2.1.5,Viewpoint beauty ,,
315,VRQ_2,Beautiful views,2.1,2.1.5,Viewpoint beauty ,,
363,VRQ_1,Very beautiful landing page,2.1,2.1.5,Viewpoint beauty ,,
386,VRQ_2,Beautiful camera views,2.1,2.1.5,Viewpoint beauty ,,
6,VRQ_2,the images were high quality,2.1,2.1.6,High-quality visuals,,
7,VRQ_2,Good quality of photos,2.1,2.1.6,High-quality visuals,,
8,VRQ_1,Nice photography,2.1,2.1.6,High-quality visuals,,
20,VRQ_1,The graphics are phenomenal,2.1,2.1.6,High-quality visuals,,
21,VRQ_1,The pictures were high quality,2.1,2.1.6,High-quality visuals,,
27,VRQ_4,picture looked really great,2.1,2.1.6,High-quality visuals,,
69,VRQ_2,High-quality graphics,2.2,2.1.6,High-quality visuals,,
74,VRQ_1,Nice images,2.1,2.1.6,High-quality visuals,,
86,VRQ_4,Good quality video.,2.2,2.1.6,High-quality visuals,,
90,VRQ_1,I loved the high quality photography,2.2,2.1.6,High-quality visuals,,
110,VRQ_1,High res images,2.2,2.1.6,High-quality visuals,,
113,VRQ_1,good quality image,2.2,2.1.6,High-quality visuals,,
116,VRQ_2,good graphics,2.1,2.1.6,High-quality visuals,,
121,VRQ_2,Good photos,2.1,2.1.6,High-quality visuals,,
122,VRQ_1,the video was high quality,2.2,2.1.6,High-quality visuals,,
169,VRQ_1,high quality photos,2.2,2.1.6,High-quality visuals,,
176,VRQ_2,the photos were of high quality,2.2,2.1.6,High-quality visuals,,
189,VRQ_6,"The picture quality is just stunningly beautiful. Wow, that water is incredible.",2.1,2.1.6,High-quality visuals,,
196,VRQ_5,There were quite hi-res photos taken of various places,2.2,2.1.6,High-quality visuals,,
197,VRQ_1,Excellent Images,2.1,2.1.6,High-quality visuals,,
198,VRQ_2,The shots used were nice,2.1,2.1.6,High-quality visuals,,
209,VRQ_1,high quality video,2.2,2.1.6,High-quality visuals,,
213,VRQ_1,The images were really high quality even when zoomed in,2.2,2.1.6,High-quality visuals,,
222,VRQ_1,High quality visuals,2.1,2.1.6,High-quality visuals,,
230,VRQ_2,The images are so crisp and seamless.,2.2,2.1.6,High-quality visuals,,
233,VRQ_5,Quality of pictures is great as well!,2.2,2.1.6,High-quality visuals,,
237,VRQ_2,great quality photos,2.2,2.1.6,High-quality visuals,,
248,VRQ_2,High quality graphics,2.2,2.1.6,High-quality visuals,,
312,VRQ_1,High Quality Graphics,2.2,2.1.6,High-quality visuals,,
314,VRQ_2,Good graphics,2.1,2.1.6,High-quality visuals,,
319,VRQ_3,Good video quality,2.2,2.1.6,High-quality visuals,,
321,VRQ_2,The quality of the images was high.,2.2,2.1.6,High-quality visuals,,
324,VRQ_1,Some of the images were nice looking,2.1,2.1.6,High-quality visuals,,
331,VRQ_2,I also enjoyed the picture quality.,2.2,2.1.6,High-quality visuals,,
363,VRQ_3,The quality of images was really good,2.2,2.1.6,High-quality visuals,,
380,VRQ_1,Quality of images was excellent,2.2,2.1.6,High-quality visuals,,
382,VRQ_2,high-quality images,2.2,2.1.6,High-quality visuals,,
388,VRQ_1,The video quality was very good.,2.2,2.1.6,High-quality visuals,,
195,VRQ_1,The high resolution images were impressive,2.2,2.1.7,High resolution,Impressive experience,
33,VRQ_1,good resolution,2.2,2.1.7,High resolution,,
177,VRQ_1,Very high resolution,2.2,2.1.7,High resolution,,
243,VRQ_1,Good resolution.,2.2,2.1.7,High resolution,,
263,VRQ_2,Crisp resolution,2.2,2.1.7,High resolution,,
322,VRQ_1,It was high resolution,2.2,2.1.7,High resolution,,
338,VRQ_2,great quality vr graphics,2.2,2.1.7,High resolution,,
351,VRQ_2,nice resolution,2.2,2.1.7,High resolution,,
358,VRQ_1,Very high def,2.3,2.1.7,High resolution,,
289,VRQ_1,Each destination was clearly marked in a way that I recognize.,2.1,2.1.8,Clearness,?,
2,VRQ_1,The images were clear,2.1/2.2,2.1.8,Clearness,,
12,VRQ_3,clear photos,2.1,2.1.8,Clearness,,
16,VRQ_3,the pictures where clear,2.1,2.1.8,Clearness,,
22,VRQ_1,It was very clear video,2.1,2.1.8,Clearness,,
24,VRQ_1,Very clear images,2.1,2.1.8,Clearness,,
31,VRQ_1,The images are crystal clear.,2.2,2.1.8,Clearness,,
32,VRQ_2,clear images,2.1,2.1.8,Clearness,,
36,VRQ_4,clear views,2.1,2.1.8,Clearness,,
40,VRQ_1,The image quality is really clear,2.2,2.1.8,Clearness,,
63,VRQ_3,it was clear and concise,2.1,2.1.8,Clearness,,
72,VRQ_1,The picture was crisp.,2.2,2.1.8,Clearness,,
75,VRQ_3,video was clear,2.1,2.1.8,Clearness,,
80,VRQ_3,clear views,2.1,2.1.8,Clearness,,
87,VRQ_1,Clear,2.1,2.1.8,Clearness,,
125,VRQ_3,clear image,2.1,2.1.8,Clearness,,
129,VRQ_1,The video is clear.,2.1,2.1.8,Clearness,,
130,VRQ_2,Clear,2.2,2.1.8,Clearness,,
137,VRQ_5,clear picture,2.1,2.1.8,Clearness,,
144,VRQ_3,Clear image,2.1,2.1.8,Clearness,,
147,VRQ_3,I thought that the images were very sharp and clear,2.2,2.1.8,Clearness,,
154,VRQ_1,Clear,2.1,2.1.8,Clearness,,
164,VRQ_1,Images are very clear,2.1,2.1.8,Clearness,,
165,VRQ_1,Clear images,2.1,2.1.8,Clearness,,
175,VRQ_4,clear picture,2.1,2.1.8,Clearness,,
178,VRQ_1,Very clear picture,2.1,2.1.8,Clearness,,
202,VRQ_1,Clear images,2.1,2.1.8,Clearness,,
208,VRQ_3,I enjoyed how clear the images were.,2.1,2.1.8,Clearness,,
257,VRQ_2,The video quality is high and the image is clear.,2.2,2.1.8,Clearness,,
262,VRQ_3,the picture was very clear and lifelike,2.5,2.1.8,Clearness,,
271,VRQ_2,the images were clear,2.1,2.1.8,Clearness,,
278,VRQ_1,very clear,2.2,2.1.8,Clearness,,
288,VRQ_1,Clear images,2.1,2.1.8,Clearness,,
291,VRQ_1,"Clarity in the picture, even when zooming",2.2,2.1.8,Clearness,,
293,VRQ_2,Video images were clear,2.1,2.1.8,Clearness,,
308,VRQ_1,I can see the place clearly,2.1,2.1.8,Clearness,,
313,VRQ_3,The views are very clear,2.1,2.1.8,Clearness,,
344,VRQ_3,Clarity,2.1,2.1.8,Clearness,,
345,VRQ_1,Video clarity was very good.,2.1,2.1.8,Clearness,,
355,VRQ_2,clear,2.1,2.1.8,Clearness,,
360,VRQ_1,How clear images were,2.1,2.1.8,Clearness,,
366,VRQ_1,it was clear,2.1,2.1.8,Clearness,,
382,VRQ_1,clear view,2.1,2.1.8,Clearness,,
55,VRQ_1,neat,Unclear,2.1.9,Cleaness and neatness,?,
8,VRQ_2,Clean street scenes,Destination Quality,2.1.9,Cleaness and neatness,,
11,VRQ_3,Looked clean,2.1,2.1.9,Cleaness and neatness,,
20,VRQ_3,The scenery is clean and attractive,Destination Quality,2.1.9,Cleaness and neatness,,
37,VRQ_3,clean,2.1,2.1.9,Cleaness and neatness,,
45,VRQ_2,It was very clean,2.1,2.1.9,Cleaness and neatness,,
55,VRQ_2,clean,2.1,2.1.9,Cleaness and neatness,,
79,VRQ_4,how clean it is,2.1,2.1.9,Cleaness and neatness,,
139,VRQ_1,Very clean,2.2,2.1.9,Cleaness and neatness,,
231,VRQ_6,I think the aesthetic is neat,2.1,2.1.9,Cleaness and neatness,,
304,VRQ_4,everything was clean,2.1,2.1.9,Cleaness and neatness,,
305,VRQ_3,Neat,3,2.1.9,Cleaness and neatness,,
334,VRQ_2,Clean,2.6,2.1.9,Cleaness and neatness,,
343,VRQ_3,Clean,2.2,2.1.9,Cleaness and neatness,,
5,VRQ_1,clean,unclear,2.1.9,Cleaness and neatness,,
9,VRQ_3,I enjoyed seeing the waterline,Destination Quality,2.2.1,Enjoyment,,
58,VRQ_2,"I am really enjoying exploring on this interface, more than google maps or street view",2.3,2.2.1,Enjoyment,,
82,VRQ_3,Enjoyable,2.3,2.2.1,Enjoyment,,
187,VRQ_3,enjoy from anywhere,2.3,2.2.1,Enjoyment,,
270,VRQ_3,I enjoyed seeing the city of dubai,2.3,2.2.1,Enjoyment,,
283,VRQ_1,Enjoyable,2.3,2.2.1,Enjoyment,,
91,VRQ_3,Exotic,2.4,2.2.10,Exotic,,
146,VRQ_6,Exotic,2.4,2.2.10,Exotic,,
174,VRQ_2,unique,2.4,2.2.11,Uniqueness,,
189,VRQ_4,You could probably visit the tour multiple times and get a completely different experience.,,2.2.11,Uniqueness,,
365,VRQ_3,unique,2.4,2.2.11,Uniqueness,,
248,VRQ_4,Time went by quickly while using the tool,2.3,2.2.12,Time dissociation,,
368,VRQ_3,It's easy to lose track of time because the video is so fun.,2.3,2.2.12,Time dissociation,,
185,VRQ_3,a sense of warmth came over me as I pictured me and my family and friends visiting.,2.3,2.2.13,Warmth,,
182,VRQ_10,It can be used to create exciting virtual experiences that can be shared with friends and family.,Not Included,2.2.14,Excitement,,
4,VRQ_1,not frenetic,,2.2.15,Other positive feelings,,
26,VRQ_3,Videogame-like,2.3,2.2.15,Other positive feelings: game-like experience,,
143,VRQ_1,It was like a sweet dream.,2.3,2.2.15,Other positive feelings,,
210,VRQ_2,Seems quiet,,2.2.15,Other positive feelings,,
217,VRQ_3,I liked the atmosphere.,2.3,2.2.15,Other positive feelings,,
383,VRQ_2,it could provide entertainment for people who don’t want to travel but would like to see various places across the world,2.3,2.2.15,Other positive feelings,,
11,VRQ_1,City looked nice,Destination quality,2.2.15,Other positive feelings,,
37,VRQ_2,fancy shopping center,Destination Quality,2.2.2,Luxury experience,?,
76,VRQ_1,The beach looks fun to visit,Destination Quality,2.2.3,Fun,?,
337,VRQ_2,Zooming into destinations was fun,2.3,2.2.3,Fun ,Zoom function,
62,VRQ_1,This is fun to use.,2.3,2.2.3,Fun ,,
133,VRQ_3,It was simple and and fun to use.,2.3,2.2.3,Fun ,,
133,VRQ_2,It's fun to imagine other places but this is far better.,2.3,2.2.3,Fun ,,
185,DQ_4,A moment of enjoyable fear came over looking at the 360 views but left me wanting more.,2.3,2.2.3,Fun ,,
188,VRQ_3,navigation was fun,2.3,2.2.3,Fun ,,
192,VRQ_2,fun,2.3,2.2.3,Fun ,,
194,VRQ_2,Had fun a lot,2.3,2.2.3,Fun ,,
228,VRQ_3,It seems like a fun place to celebrate success in life,2,2.2.3,Fun,,
229,VRQ_2,Fun to fly around,2.3,2.2.3,Fun ,,
235,VRQ_3,Fun,2.3,2.2.3,Fun ,,
250,VRQ_2,It was fun to play around with,2.3,2.2.3,Fun ,,
338,DQ_2,It looks like alot of fun just from the VR,2.3,2.2.3,Fun ,,
340,VRQ_3,fun,2.3,2.2.3,Fun ,,
342,VRQ_1,it was fun,2.3,2.2.3,Fun ,,
354,VRQ_1,It was fun,2.3,2.2.3,Fun ,,
374,VRQ_2,Fun,2.3,2.2.3,Fun ,,
112,VRQ_4,"The ""tour mode"" is nice and relaxing.",1.5,2.2.4,Relaxing experience,Tour mode option,
82,VRQ_1,relaxing,2.3,2.2.4,Relaxing experience,,
103,VRQ_2,"Calming, serene experience",2.3,2.2.4,Relaxing experience,,
112,VRQ_5,This entire experience is relaxing!,2.3,2.2.4,Relaxing experience,,
121,VRQ_3,Relaxing atmosphere,2.3,2.2.4,Relaxing experience,,
126,VRQ_1,Relaxing,2.3,2.2.4,Relaxing experience,,
170,VRQ_1,This is a very relaxing experience,2.3,2.2.4,Relaxing experience,,
182,VRQ_4,"It can help to boost mental health, as it can be used for relaxation and mindfulness.",2.3,2.2.4,Relaxing experience,,
189,VRQ_10,It's a very calming experience.,2.3,2.2.4,Relaxing experience,,
204,VRQ_2,this makes me feel more at ease regarding my anxiety of visiting unknown places,2.9,2.2.4,Relaxing experience,,
213,VRQ_2,Everything seemed calm and peaceful,2.3,2.2.4,Relaxing experience,,
214,VRQ_3,It also allows more comfort when visiting certain places.,2.9,2.2.4,Relaxing experience,,
252,VRQ_2,It was relaxing,2.3,2.2.4,Relaxing experience,,
252,VRQ_3,Not loud or obnoxious,2.3,2.2.4,Relaxing experience,,
261,VRQ_3,It was relaxing,2.3,2.2.4,Relaxing experience,,
267,VRQ_1,very relaxing,2.3,2.2.4,Relaxing experience,,
306,VRQ_4,the palms were relaxing to look at,2.3,2.2.4,Relaxing experience,,
2,VRQ_2,The images were interesting,2.8,2.2.5,Interesting experience,,
5,VRQ_3,interesting,2.8,2.2.5,Interesting experience,,
12,VRQ_1,interesting,2.8,2.2.5,Interesting experience,,
38,VRQ_6,How interesting!,2.8,2.2.5,Interesting experience,,
38,VRQ_9,This is so intriguing!,2.8,2.2.5,Interesting experience,,
53,VRQ_2,interesting,3,2.2.5,Interesting experience,,
56,VRQ_2,Interesting,3,2.2.5,Interesting experience,,
66,VRQ_2,looks very interesting,3,2.2.5,Interesting experience,,
83,VRQ_3,Interesting,2.8,2.2.5,Interesting experience,,
149,VRQ_1,It's interesting.,2.3,2.2.5,Interesting experience,,
174,VRQ_1,interesting,2.3,2.2.5,Interesting experience,,
190,VRQ_3,Interesting virtual tour,2.8,2.2.5,Interesting experience,,
213,VRQ_3,Was interesting seeing the sights of dubai,2.8,2.2.5,Interesting experience,,
223,VRQ_3,amusing,2.3,2.2.5,Interesting experience,,
232,VRQ_3,It's interesting,2.8,2.2.5,Interesting experience,,
236,VRQ_2,Interesting,3,2.2.5,Interesting experience,,
268,VRQ_1,Interesting,2.3,2.2.5,Interesting experience,,
300,VRQ_1,It was interesting.,2.3,2.2.5,Interesting experience,,
305,VRQ_2,Interesting,3,2.2.5,Interesting experience,,
323,VRQ_2,Interesting,3,2.2.5,Interesting experience,,
355,VRQ_3,interesting,2.8,2.2.5,Interesting experience,,
377,VRQ_2,Interesting,3,2.2.5,Interesting experience,,
392,VRQ_2,The sites looked interesting,2.8,2.2.5,Interesting experience,,
290,VRQ_2,Adventurous,2.3,2.2.6,Adventurous experience,,
340,VRQ_2,Adventurous,2.3,2.2.6,Adventurous experience,,
374,VRQ_3,Adventurous,2.3,2.2.6,Adventurous experience,,
71,VRQ_1,The quality of the realism of the images is impressive.,2.5,2.2.7,Impressive experience,Immersion,
39,VRQ_1,"The graphic visuals are impressive ""lifelike""",2.5,2.2.7,Impressive experience,Lifelike? immersion,
38,VRQ_4,This is amazing!,3,2.2.7,Impressive experience,,
133,VRQ_1,Great experience watching those juys jump off the tower.,2.3,2.2.7,Impressive experience,,
188,VRQ_1,amazing experience,2.3,2.2.7,Impressive experience,,
225,VRQ_1,impressive,2.3,2.2.7,Impressive experience,,
238,VRQ_1,Amazing,2.3,2.2.7,Impressive experience,,
244,VRQ_1,That was amazing. Wow.,2.7,2.2.7,Impressive experience,,
273,VRQ_2,The VR tech is amazing,3,2.2.7,Impressive experience,,
332,VRQ_4,Amazing,3,2.2.7,Impressive experience,,
365,VRQ_2,amazing,3,2.2.7,Impressive experience,,
2,VRQ_3,I would like to learn more,2.8,2.2.8,Curiosity,,
35,VRQ_3,I would try it again,2.8,2.2.8,Curiosity,,
53,VRQ_3,curious,2.8,2.2.8,Curiosity,,
109,VRQ_2,looking at all the places to visit peeked my interest.,2.3,2.2.8,Curiosity,,
124,VRQ_2,It did make me want to check out the spaces,2.3,2.2.8,Curiosity,,
135,VRQ_5,Very inviting,2.8,2.2.8,Curiosity,,
145,VRQ_3,I would like to explore more,2.8,2.2.8,Curiosity,,
207,VRQ_3,I wish I could explore more,2.8,2.2.8,Curiosity,,
248,VRQ_3,Really neat and I want to look at it more,2.8,2.2.8,Curiosity,,
259,VRQ_3,The VR made it feel like I could learn much more about the culture of the city.,2.8,2.2.8,Curiosity,,
270,VRQ_5,I want to see more of the city and the other areas around the city,2.8,2.2.8,Curiosity,,
334,VRQ_3,Inviting,2.8,2.2.8,Curiosity,,
36,VRQ_2,cool way to see country,2.7,2.2.9,Cool (Overall),2.2.9,
38,VRQ_1,Wow!,2.7,2.2.9,Cool (Overall),2.2.9,
83,VRQ_1,Cool,2.7,2.2.9,Cool (Overall),2.2.9,
92,VRQ_3,cool,2.7,2.2.9,Cool (Overall),2.2.9,
108,VRQ_1,this is really cool,2.3,2.2.9,Cool (Overall),2.2.9,
110,VRQ_2,Cool tech,2.7,2.2.17,Cool Technology,2.2.17,
112,VRQ_1,WOW!,2.7,2.2.9,Cool (Overall),2.2.9,
144,VRQ_1,Pretty cool to show things so clear,2.7,2.2.18,Cool way to see the destination,2.2.18,
196,VRQ_2,It was cool to see the city of Dubai,2.7,2.2.18,Cool way to see the destination,2.2.18,
198,VRQ_3,seeing ground level was cool,2.7,2.2.18,Cool way to see the destination,2.2.18,
204,VRQ_1,Cool that this is available to use,1.5,2.2.18,Cool way to see the destination,2.2.18,
208,VRQ_1,It was cool to see a place I might never visit.,2.3,2.2.18,Cool way to see the destination,2.2.18,
215,VRQ_5,This is a really cool tour,2.7,2.2.9,Cool (Overall),2.2.9,
220,VRQ_2,Cool technology,2.7,2.2.17,Cool Technology,2.2.17,
231,VRQ_8,VR brings cool opportunities to people,2.7,2.2.18,Cool way to see the destination,2.2.18,
232,VRQ_2,It's cool,2.7,2.2.9,Cool (Overall),2.2.9,
249,VRQ_1,Wow,2.7,2.2.9,Cool (Overall),2.2.9,
296,VRQ_2,it looks very cool,2.7,2.2.9,Cool (Overall),2.2.9,
313,VRQ_1,It was really cool to feel like I could explore,2.3,2.2.18,Cool way to see the destination,2.2.18,
314,VRQ_1,It’s cool to see where you can’t be,2.3,2.2.18,Cool way to see the destination,2.2.18,
376,VRQ_2,Cool,2.7,2.2.9,Cool (Overall),2.2.9,
387,VRQ_2,technology makes environments look cool,2.7,2.2.17,Cool Technology,2.2.17,
36,VRQ_1,innovative,2.4,2.3.1,Innovativeness (Overall),,
216,VRQ_2,Innovation,2.4,2.3.1,Innovativeness (Overall),,
268,VRQ_2,Innovative,2.4,2.3.1,Innovativeness (Overall),,
323,VRQ_3,Innovation,2.4,2.3.1,Innovativeness (Overall),,
355,VRQ_4,innovative,2.4,2.3.1,Innovativeness (Overall),,
365,VRQ_1,innovative,2.4,2.3.1,Innovativeness (Overall),,
368,VRQ_1,Much better than just a photo,2.4,2.3.1,Innovativeness (Overall),,
250,VRQ_3,Its an interesting way to explore places you might never go,2.4,2.3.2,Good way to explore destinations,Interesting experience,
19,VRQ_2,Its a good way to tour Dubai,2.3,2.3.2,Good way to explore destinations,,
23,VRQ_1,Explore far away places,2.4,2.3.2,Good way to explore destinations,,
28,VRQ_1,A great way to get a feel for the city,2.4,2.3.2,Good way to explore destinations,,
38,VRQ_10,Gratitude for the chance to at least visit virtually,1.3,2.3.2,Good way to explore destinations,,
43,VRQ_2,Good chance to see the city,1.5,2.3.2,Good way to explore destinations,,
43,VRQ_1,Great way to visit without going there,2.4,2.3.2,Good way to explore destinations,,
78,VRQ_3,Currently this is a great advantage that tourists have to visualize certain destinations in the world.,2.4,2.3.2,Good way to explore destinations,,
78,DQ_3,It is of great importance this type of technology because in the past this incredible resource was not available,2.4,2.3.2,Good way to explore destinations,,
103,VRQ_1,Accessible for people with disability or the inability to travel,2.4,2.3.2,Good way to explore destinations,,
109,VRQ_1,this is the future of viewing places to visit.,2.4,2.3.2,Good way to explore destinations,,
136,VRQ_2,I'd never get to experience Dubai without going there in person without it,2.4,2.3.2,Good way to explore destinations,,
152,VRQ_5,Seems more advanced than people might think,2.4,1.6.1,Up to date technology,?,
182,VRQ_1,It allows people to experience new places and events from the safety and comfort of their own homes.,2.4,2.3.2,Good way to explore destinations,,
182,VRQ_5,It can be a great way to explore art and culture without having to travel.,2.4,2.3.2,Good way to explore destinations,,
214,VRQ_1,In this way s can attract more tourists as they can visualize the landscapes of the different places in the world.,2.4,2.3.2,Good way to explore destinations,,
230,VRQ_1,I just love how far we have come to be able to explore a city that most people will never afford to visit.,2.3,2.3.2,Good way to explore destinations,,
341,VRQ_3,It was exciting,2.3,2.3.2,Exciting experience,,
346,VRQ_3,Travel without leaving Home,2.4,2.3.2,Good way to explore destinations,,
348,VRQ_3,Exciting,2.3,2.3.2,Exciting experience,,
372,VRQ_1,Much better then photos alone,2.4,2.3.2,Good way to explore destinations,,
374,VRQ_1,Exciting,2.3,2.3.2,Exciting experience,,
387,VRQ_1,It is a way of knowing places without having physically visited them.,2.4,2.3.2,Good way to explore destinations,,
10,VRQ_5,So real and makes me feel like I am there,2.5,2.4.3,Presence,,
17,VRQ_3,It really feels like I am almost there.,2.5,2.4.3,Presence,,
26,VRQ_1,Realistic,2.5,2.4.1,Realness,,
39,VRQ_2,It almost felt like physically being there,2.5,2.4.3,Presence,,
63,VRQ_2,it seemed real,2.5,2.4.1,Realness,,
74,VRQ_2,gives a good feel for the physical space,2.5,2.4.1,Realness,,
87,VRQ_3,Life-like,2.5,2.4.1,Realness,,
101,VRQ_3,the layout seems to be to scale and exactly the same layout as the city of Dubai.,2.5,2.4.1,Realness,,
113,VRQ_2,realistic viewpoints,2.5,2.4.1,Realness,,
125,VRQ_2,realist feel,2.5,2.4.1,Realness,,
131,VRQ_2,it felt so real,2.5,2.4.1,Realness,,
134,VRQ_1,Realistic,2.2,2.4.1,Realness,,
142,VRQ_1,seeing thing as if you are there,2.5,2.4.3,Presence,,
145,VRQ_2,It is like an in person google maps,2.5,2.4.3,Presence,,
150,VRQ_3,It felt like I was there since there were not people in the pictures like most online videos.,2.5,2.4.3,Presence,,
173,VRQ_1,It was easy to imagine yourself there,2.5,2.4.3,Presence,,
192,VRQ_3,close to reality,2.5,2.4.1,Realness,,
194,VRQ_1,It is like a real visit.,2.5,2.4.1,Realness,?,
212,VRQ_3,gives a feel for what it is like to be there,2.5,2.4.3,Presence,,
223,VRQ_2,Very realistic,2.2,2.4.1,Realness,,
273,VRQ_3,The VR is very life like,2.5,2.4.1,Realness,,
306,VRQ_5,"the water was inviting, I could see myself on the beach",2.5,2.4.3,Presence,Destination quality?,
325,VRQ_1,It’s realistic,2.5,2.4.1,Realness,,
338,VRQ_1,It looks exactly how it would in person,2.5,2.4.3,Presence,,
370,VRQ_3,it made me feel like i was riding a dirt bike in the desert,2.5,2.4.3,Presence,,
376,VRQ_1,Realistic,2.5,2.4.1,Realness,,
381,VRQ_1,It allowed me a realistic tour,2.5,2.4.1,Realness,,
13,VRQ_2,the panoramic view was immersive,2.5,2.4.2,Immersion,2.4.2,
34,VRQ_2,I felt it could be more immersive as well,2.5,2.4.2,Immersion,2.4.2,
35,VRQ_1,It is immersive,2.5,2.4.2,Immersion,2.4.2,
57,VRQ_2,it panned through the scenes at a good pace to make it more immersive,2.5,2.4.2,Immersion,2.4.2,
63,VRQ_1,Felt immersed,2.5,2.4.2,Immersion,2.4.2,
68,VRQ_1,Immersive,2.5,2.4.2,Immersion,2.4.2,
69,VRQ_1,Immersive experience,2.5,2.4.2,Immersion,2.4.2,
71,VRQ_2,It is easy to feel immersed in this experience.,2.5,2.4.2,Immersion,2.4.2,
73,VRQ_3,It felt really immerse when I was exploring,2.5,2.4.2,Immersion,2.4.2,
80,VRQ_5,immersive,2.5,2.4.2,Immersion,2.4.2,
87,VRQ_2,Immersive,2.5,2.4.2,Immersion,2.4.2,
104,VRQ_1,I felt like it wasn't virtual.,2.5,2.4.1,Realness,2.4.1,
104,VRQ_3,I was very caught up in what I was seeing,2.5,2.2.16,Engaging experience,2.2.16,
131,VRQ_3,it felt like I am traveling in reality - wow,2.5,2.4.1,Realness,2.4.1,
131,VRQ_1,it felt like i was actually there,2.5,2.4.3,Presence,2.4.3,
136,VRQ_1,It felt like I was immersed into the destination,2.5,2.4.2,Immersion,2.4.2,
151,VRQ_3,This looks like I am there right now.,2.5,2.4.3,Presence,2.4.3,
158,VRQ_1,You could imagine being in the spaces.,2.5,2.4.3,Presence,2.4.3,
162,VRQ_2,The look into the buildings was very immersive I got a detailed look into the building and the art works it offered.,2.5,2.4.2,Immersion,"? 1.5.8	Inside-building viewpoints",
168,VRQ_3,as if you are on the ground there,2.5,2.4.3,Presence,2.4.3,
170,VRQ_2,The experience feels immersive.,2.5,2.4.2,Immersion,2.4.2,
175,VRQ_3,immersive,2.5,2.4.2,Immersion,2.4.2,
177,VRQ_3,Excellent immersion,2.5,2.4.2,Immersion,2.4.2,
178,VRQ_2,Felt like I was actually standing in the street,2.5,2.4.3,Presence,2.4.3,
182,VRQ_7,"It can provide an immersive experience for gaming, allowing players to interact with their favorite characters and worlds.",2.5,2.4.2,Immersion,2.4.2,
197,VRQ_2,I really felt like I was there,2.5,2.4.3,Presence,2.4.3,
205,VRQ_2,I felt immersed in the images,2.5,2.4.2,Immersion,2.4.2,
206,VRQ_1,immersive,2.5,2.4.2,Immersion,2.4.2,
244,VRQ_2,I felt like I was there.,2.5,2.4.3,Presence,2.4.3,
258,VRQ_1,It is very detailed and interactive so it feels like you could be in the place itself (e.g. a hotel room),2.5,2.4.3,Presence,2.4.3,
259,VRQ_2,I felt like I was visiting the museum,2.5,2.4.3,Presence,2.4.3,
259,VRQ_1,It felt like I was there touring the city.,2.5,2.4.3,Presence,2.4.3,
260,VRQ_1,it feels like I am there looking around,2.5,2.4.3,Presence,2.4.3,
280,VRQ_2,Feels like you’re really there,2.5,2.4.3,Presence,2.4.3,
282,VRQ_2,Slow to be immersed,2.5,2.4.2,Immersion,2.4.2,
290,VRQ_1,Immersive,2.5,2.4.2,Immersion,2.4.2,
312,VRQ_2,Felt like I was there,2.5,2.4.3,Presence,2.4.3,
325,VRQ_2,It’s immersive,2.5,2.4.2,Immersion,2.4.2,
330,VRQ_2,It feels like turning your head to look around because of the way the footage is shot,2.5,2.4.3,Presence,2.4.3,
330,VRQ_3,It helps you to feel like you're actually present at the location,2.5,2.4.3,Immersion,2.4.3,
333,VRQ_2,It gave me a feeling of being there.,2.5,2.4.3,Presence,2.4.3,
346,VRQ_2,Made it feel as it you was there,2.5,2.4.3,Presence,2.4.3,
387,VRQ_3,"is an immersive technology, you immerse yourself in a sea of visual sensations and new experiences",2.5,2.4.2,Immersion,2.4.2,
15,VRQ_3,It made me feel present,2.5,2.4.3,Presence,2.4.3,
31,VRQ_3,I felt as if I was really inside the shopping malls and hotel lobbies.,2.5,2.4.3,Presence,2.4.3,
67,VRQ_1,It felt like I was in Dubai,2.5,2.4.3,Presence,2.4.3,
103,VRQ_3,Excellent quality - sense of being there.,2.5,2.4.3,Presence,2.4.3,
123,VRQ_3,It feels like I am really there,2.5,2.4.3,Presence,2.4.3,
128,VRQ_1,It makes you feel like your actually there.,2.5,2.4.3,Presence,2.4.3,
348,VRQ_1,Immersive,2.5,2.4.3,Presence,2.4.3,
356,VRQ_1,It's really cool to feel like I'm actually there.,2.5,2.4.3,Presence,2.4.3,
367,VRQ_2,It feels like you are there.,2.5,2.4.3,Presence,2.4.3,
370,VRQ_1,it makes you feel like you are actually there,2.5,2.4.3,Presence,2.4.3,
372,VRQ_3,I can feel like your actually there,2.5,2.4.3,Presence,2.4.3,
4,VRQ_3,not crowded,Destination Quality,Destination Quality,,?,
8,VRQ_3,People enjoying themselves,Destination Quality,Destination Quality,,?,
91,VRQ_1,Beautiful place,Destination Quality,Destination Quality,,Beautiful place,
111,VRQ_1,The city looked beautiful.,Destination Quality,Destination Quality,,Beautiful place,
119,VRQ_1,I captured the beautiful waters and scenery.,Destination Quality,Destination Quality,,Beautiful place,
121,VRQ_1,Nice scenery,Destination Quality,Destination Quality,,Beautiful place,
143,VRQ_3,The place is beautiful.,Destination Quality,Destination Quality,,Beautiful place,
140,VRQ_2,So many majestic hotel options,Destination Quality,Destination Quality,,Hotel options,
152,VRQ_3,architecture is amazing.,Destination Quality,Destination Quality,,Impressive experience,
172,VRQ_2,The buildings were amazing,Destination Quality,Destination Quality,,Impressive experience,
207,VRQ_1,this is such an amazing beautiful place,Destination Quality,Destination Quality,,Impressive experience,
215,VRQ_3,That island design.  I can't believe this is all man made,Destination Quality,Destination Quality,,Impressive experience,
281,VRQ_2,the weather looks amazing,Destination Quality,Destination Quality,,Impressive experience,
139,VRQ_2,Seemingly no traffic,Destination Quality,Destination Quality,,Not crowed destination,
45,VRQ_3,There was barely any traffic,Destination Quality,Destination Quality,,,
59,VRQ_3,Perfect weather,Destination Quality,Destination Quality,,,
76,VRQ_3,There is a lot of water moving,Destination Quality,Destination Quality,,,
79,VRQ_1,I really like the beaches,Destination Quality,Destination Quality,,,
79,VRQ_3,the walkway around the beaches,Destination Quality,Destination Quality,,,
105,VRQ_1,Very beautiful scenery,Destination Quality,Destination Quality,,,
119,VRQ_2,It showed some of the cultural places that are available to visit.,Destination Quality,Destination Quality,,,
123,VRQ_2,the amount of attractions is large,Destination Quality,Destination Quality,,,
132,VRQ_2,Beautiful coast,Destination Quality,Destination Quality,,,
140,VRQ_4,Surrounded by vast waterways,Destination Quality,Destination Quality,,,
152,VRQ_2,Land layout is unique,Destination Quality,Destination Quality,,,
152,VRQ_1,Water looks nice,Destination Quality,Destination Quality,,,
166,VRQ_1,Beautiful architecture,Destination Quality,Destination Quality,,,
172,VRQ_1,The water was beautiful,Destination Quality,Destination Quality,,,
172,VRQ_3,The weather seemed perfect,Destination Quality,Destination Quality,,,
185,VRQ_4,How I would enjoy a boat ride around the islands.,Destination Quality,Destination Quality,,,
185,VRQ_2,How nice the air would smell,Destination Quality,Destination Quality,,,
186,VRQ_3,Love the scenery and locations,Destination Quality,Destination Quality,,,
190,VRQ_1,Beautiful scenery,Destination Quality,Destination Quality,,,
190,VRQ_2,Nice beach,Destination Quality,Destination Quality,,,
195,VRQ_3,I liked seeing the Chihuly glass exhibit,Destination Quality,Destination Quality,,,
196,VRQ_4,Exploring the interiors of certain buildings was appealing,Destination Quality,Destination Quality,,,
200,VRQ_3,"Despite the desert locale, the city felt cold/stark.",Destination Quality,Destination Quality,,,
200,VRQ_1,The city looks like a Marvel movie,Destination Quality,Destination Quality,,,
207,VRQ_2,it would be cool to visit here one day,Destination Quality,Destination Quality,,,
210,VRQ_3,Nice living pace,Destination Quality,Destination Quality,,,
211,VRQ_2,It looked so pretty at night time.,Destination Quality,Destination Quality,,Night view,
211,VRQ_1,The water was beautiful.,Destination Quality,Destination Quality,,,
215,VRQ_1,"That hotel, Atlantis, is amazing.",Destination Quality,Destination Quality,,,
215,VRQ_2,The skyline is wild.,Destination Quality,Destination Quality,,,
231,VRQ_2,Concrete jungle feel when outside,Destination Quality,Destination Quality,,,
231,VRQ_4,The buildings interiors are pretty,Destination Quality,Destination Quality,,,
231,VRQ_3,The culture looks nice when inside,Destination Quality,Destination Quality,,Inside-building view,
240,VRQ_3,It had some striking images of the architecture in a mall,Destination Quality,Destination Quality,,,
244,VRQ_4,That looks like an unusually clean city.,Destination Quality,Destination Quality,,,
244,VRQ_3,"What a beautiful, vibrant city.",Destination Quality,Destination Quality,,,
246,VRQ_2,"Dubai has a lot to do, based on this tour!",Destination Quality,Destination Quality,,,
252,VRQ_1,I like the scenery,Destination Quality,Destination Quality,,,
256,VRQ_2,The city looked modern,Destination Quality,Destination Quality,,,
256,VRQ_1,The city was beautiful at night,Destination Quality,Destination Quality,,Night view,
258,VRQ_2,"It contains many popular landmarks and hotels that would be of interest to tourists (e.g. beaches, hotels)",Destination Quality,Destination Quality,,,
266,VRQ_2,The landscapes on the virtual tour were beautiful.,Destination Quality,Destination Quality,,,
267,VRQ_2,beautiful weather,Destination Quality,Destination Quality,,,
267,VRQ_3,lovely buildings,Destination Quality,Destination Quality,,,
279,VRQ_1,Great views of the water,Destination Quality,Destination Quality,,,
281,VRQ_4,i can't believe there's an art gallery,Destination Quality,Destination Quality,,,
281,VRQ_5,look at those tall buildings!,Destination Quality,Destination Quality,,,
281,VRQ_1,the ocean is beautiful,Destination Quality,Destination Quality,,,
281,VRQ_3,the sun is out and looks warm,Destination Quality,Destination Quality,,,
281,VRQ_6,"whoa, the city looks so vast and large",Destination Quality,Destination Quality,,,
284,VRQ_3,The grandiose-ness of the city,Destination Quality,Destination Quality,,,
288,VRQ_3,The hotels were easily recognizable.,Destination Quality,Destination Quality,,,
289,VRQ_5,There were many historical and cultural places that I could visit.,Destination Quality,Destination Quality,,,
293,VRQ_1,Beautiful scenery,Destination Quality,Destination Quality,,,
293,VRQ_4,The weather looked nice,Destination Quality,Destination Quality,,,
294,VRQ_3,There are many places that look fun to visit,Destination Quality,Destination Quality,,,
304,VRQ_5,everything was large scale,Destination Quality,Destination Quality,,,
304,VRQ_1,the places were beautiful,Destination Quality,Destination Quality,,,
304,VRQ_2,the vistas were grand,Destination Quality,Destination Quality,,,
306,VRQ_10,I can't believe its mostly man made,Destination Quality,Destination Quality,,,
306,VRQ_9,it looks more westernized than I thought,Destination Quality,Destination Quality,,,
306,VRQ_7,the architecture is fantastic,Destination Quality,Destination Quality,,,
306,VRQ_3,the mall is huge,Destination Quality,Destination Quality,,,
307,VRQ_2,Awesome landscape,Destination Quality,Destination Quality,,,
307,VRQ_1,Beautiful sights,Destination Quality,Destination Quality,,,
307,VRQ_3,Interesting night life,Destination Quality,Destination Quality,,Night view,
309,VRQ_1,Beautiful tropical scenery,Destination Quality,Destination Quality,,,
309,VRQ_3,Different cultures are there that differ greatly from my own.,Destination Quality,Destination Quality,,,
309,VRQ_2,Tourist town with many things to see,Destination Quality,Destination Quality,,,
310,VRQ_1,Intigued by first scene,Destination Quality,Destination Quality,,,
310,VRQ_3,Wanting to visit the museum,Destination Quality,Destination Quality,,,
319,VRQ_1,Nice places to view,Destination Quality,Destination Quality,,,
324,VRQ_2,the museum looked interesting,Destination Quality,Destination Quality,,,
349,VRQ_2,Gorgeous scenery,Destination Quality,Destination Quality,,,
361,VRQ_3,a lot of art work and culture,Destination Quality,Destination Quality,,,
361,VRQ_2,doesn't look too crowded,Destination Quality,Destination Quality,,,
361,VRQ_1,Gorgeous architecture,Destination Quality,Destination Quality,,,
378,VRQ_2,Advanced city,Destination Quality,Destination Quality,,,
378,VRQ_1,Beautiful at night,Destination Quality,Destination Quality,,Night view,
378,VRQ_3,Upscale living,Destination Quality,Destination Quality,,,
379,VRQ_3,The views over water were stunning,Destination Quality,Destination Quality,,,
390,VRQ_3,Visit unique places and not just sceneries,Destination Quality,Destination Quality,,,
392,VRQ_1,The scenes were pretty,Destination Quality,Destination Quality,,,
361,VRQ_5,hotels looked like museums,Unclear,Destination quality,,,
34,DQ_3,It made me want to go to Dubai even more,Intention,Intention,,,
93,VRQ_3,none,N/A,N/A,,,
93,VRQ_1,none,Not Included,N/A,,,
93,VRQ_2,none,Not included,N/A,,,
203,VRQ_3,none,,N/A,,,
110,VRQ_4,"thats it I only had 1 positive thought, the first one it was clunk and poorly done worse than google maps",Negative,Negative,,?,
303,VRQ_2,it appears to be expensive,Negative,Negative,,?,
306,VRQ_6,looks very expensive,Negative,Negative,,?,
88,VRQ_5,"the aerial view is easier to see everything, but doesn’t make me feel like im actually there",1.6,Negative,Utilitarian-Others,?,
76,VRQ_7,looks expensive,Not Clear,Negative,,?,
6,VRQ_3,the video time lapse from the Burj Khalifa was low quality and had annoying audio,Negative,Negative,,,
19,VRQ_3,some of the videos were laggy,Negative,Negative,,,
34,VRQ_1,I wish I was able to view it full screen,Negative,Negative,,,
45,VRQ_5,It was a little stark,Negative,Negative,,,
54,VRQ_2,I think this technology could feel immersive under the right circumstances,Negative,Negative,,,
55,VRQ_4,boring,Negative,Negative,,,
55,VRQ_6,slow,Negative,Negative,,,
55,VRQ_5,uninteresting,Negative,Negative,,,
76,VRQ_5,Its empty where are the people,Negative,Negative,,,
76,VRQ_6,where are the markets,Negative,Negative,,,
85,VRQ_3,Expensive,Negative,Negative,,,
88,VRQ_1,the icons were sometimes crowded,Negative,Negative,,,
112,VRQ_9,I wish there was more attractions to look up.,Negative,Negative,,,
146,VRQ_1,Boring,Negative,Negative,,,
153,VRQ_2,I couldn't go full screen.,Negative,Negative,,,
153,VRQ_3,If there was sound I didn't hear any.,Negative,Negative,,,
160,VRQ_4,In at least one of the videos it gave sound of the person enjoying the experience.,Negative,Negative,,,
171,VRQ_1,"Control was counterintuitive to where I was trying to go, though once I figured it out it was consistent.",Negative,Negative,,,
196,VRQ_3,The aerial views could be stunning if aligned properly,Negative,Negative,,,
200,VRQ_2,Why was the video so tiny?,Negative,Negative,,,
209,VRQ_3,"I didn't get a real experience, viewing on my laptop as opposed to actually viewing in VR.",Negative,Negative,,,
217,VRQ_1,I imagine this was a lousy video and that there are many better ones so won't judge on this one.,Negative,Negative,,,
224,VRQ_2,can't use the pin point to see what's in it,Negative,Negative,,,
224,VRQ_1,its too far away,Negative,Negative,,,
231,VRQ_5,It seems it would be hot,Negative,Negative,,,
231,VRQ_1,The streets look very barren,Negative,Negative,,,
270,VRQ_2,I wish I had more ability to see different things,Negative,Negative,,,
270,VRQ_1,I wish I had more interaction,Negative,Negative,,,
272,VRQ_3,So long ago we couldn't do any of these things,Negative,Negative,,,
300,VRQ_4,Maybe if it were magnified it would be more impressive.,Negative,Negative,,,
300,VRQ_3,Not the same as being there.,Negative,Negative,,,
304,VRQ_7,everything looked almost empty,Negative,Negative,,,
306,VRQ_1,I clicked the bubbles of areas but nothing happened,Negative,Negative,,,
310,VRQ_2,Confused by second screen,Negative,Negative,,,
328,VRQ_1,"There weren't as many shop, restaurant locations as I was expecting",Negative,Negative,,,
339,VRQ_2,It does the opposite of what you tell it to,Negative,Negative,,,
339,VRQ_3,It doesn't show you how hot it is there,Negative,Negative,,,
339,VRQ_1,The controls are terrible,Negative,Negative,,,
354,VRQ_5,Controls are difficult,Negative,Negative,,,
363,VRQ_8,I think the images couldve been color graded more,Negative,Negative,,,
363,VRQ_6,I think the website could better display on the home page picture of cool places,Negative,Negative,,,
363,VRQ_5,I think there couldve been better images shown to show just how cool dubai is,Negative,Negative,,,
363,VRQ_2,i wish it was a bit more interactive like google maps,Negative,Negative,,,
363,VRQ_4,Not as interactive to use with trackpad,Negative,Negative,,,
363,VRQ_7,The thumbnail photos arent great,Negative,Negative,,,
152,VRQ_4,Looks great at night,,Night view,,?,
144,VRQ_2,The feeling of being there when not,Not a sentence,Not a sentence,,,
192,VRQ_1,engaging,Not clear,Not clear,,"? 2.2.7        Impressive experience or 2.2.8	Curiosity",
168,VRQ_2,showing hotels,Not Clear,Not Clear,,,
260,VRQ_3,I didn't know youtube had this,Not clear,Not clear,,,
112,VRQ_7,You can watch people jumping off buildings!,Not included,Not included,,"2.2.7	Impressive experience",
149,VRQ_2,I wish I could put myself in that location.,Not included,Not included,,visit intention,
37,VRQ_1,more water than I thought,Destination quality,Not included,,,
44,VRQ_4,loves seeing the burj khalifa,Destination Quality,Not included,,,
128,VRQ_2,It's clear that a lot of work was put in the tourism in Dubai.,Not Included,Not Included,,,
142,VRQ_2,have to be in well planed area,Not included,Not included,,,
146,VRQ_2,Lengthy,Not included,Not included,,,
151,VRQ_2,How much does all this cost?,Not included,Not included,,,
155,VRQ_1,it's like google maps,Not included,Not included,,,
163,VRQ_1,The tour reminded me of Google street view,Not Included,Not Included,,,
182,VRQ_8,"It can make education more accessible, as it can be used to deliver lectures and classes to remote areas.",Not Included,Not Included,,,
245,VRQ_3,The same amount of time was spent in each location,Not included,Not included,,,
88,VRQ_2,gave options that were easy to navigate,Overlap,Overlap,,,
143,VRQ_2,I could feel some kind of satisfaction.,Not Inckuded,satisfaction,,,
289,VRQ_3,It gave me a good idea of how congested things were.,Unclear,Unclear,To increase the destiantion knowledge,?,
91,VRQ_2,Expansive,Unclear,Unclear,,?,
124,VRQ_3,It highlighted the diversity,Unclear,Unclear,,?,
135,VRQ_4,Art lovers dream,Unclear,Unclear,,?,
137,VRQ_1,landscape view,Unclear,Unclear,,?,
214,VRQ_2,Nowadays this kind of technologies play a very important role for the society.,Unclear,Unclear,,?,
235,VRQ_1,Modern,Unclear,Unclear,,?,
325,VRQ_3,It’s accurate,Unclear,Unclear,,?,
332,VRQ_3,Accurate,Unclear,Unclear,,?,
349,VRQ_1,I wanted to be there,Unclear,Unclear,,?,
381,VRQ_3,It was intuitive,Unclear,Unclear,,?,
126,VRQ_4,engaging,Unclear,Unclear,,"? 2.2.7        Impressive experience or 2.2.8	Curiosity",
45,VRQ_6,It was like a doll house,Unclear,Unclear,,,
60,VRQ_2,Adequate,Unclear,Unclear,,,
60,VRQ_3,Current,Unclear,Unclear,,,
86,VRQ_1,Wasn't too long.,Unclear,Unclear,,,
98,VRQ_2,Scenery,Unclear,Unclear,,,
129,VRQ_2,I can see quite a bit.,Unclear,Unclear,,,
139,VRQ_3,Interesting arc6,Unclear,Unclear,,,
146,VRQ_3,Pedestrian,Unclear,Unclear,,,
162,VRQ_3,It mve,Unclear,Unclear,,,
171,VRQ_3,Where is everybody? Is this real or a virtual brochure?,Unclear,Unclear,,,
175,VRQ_5,functional,Unclear,Unclear,,,
182,VRQ_9,It can provide an effective way to conduct business meetings and conferences without having to travel.,Unclear,Unclear,,,
182,VRQ_2,"It is an excellent way to stay connected to family and friends, even if they are far away.",Unclear,Unclear,,,
203,VRQ_2,color,Unclear,Unclear,,,
206,VRQ_3,Vast,Unclear,Unclear,,,
216,VRQ_3,Technology,Unclear,Unclear,,,
220,VRQ_3,Making me want to cool,Unclear,Unclear,,,
236,VRQ_1,Possible,Unclear,Unclear,,,
238,VRQ_3,The future,Unclear,Unclear,,,
251,VRQ_1,smart,Unclear,Unclear,,,
251,VRQ_4,so much blue color,Unclear,Unclear,,,
260,VRQ_2,I like seeing foreign places,Unclear,Unclear,,,
263,VRQ_3,Free footage!,Unclear,Unclear,,,
285,VRQ_1,Descriptive,Unclear,Unclear,,,
302,VRQ_3,architecture,Unclear,Unclear,,,
316,VRQ_1,Interesting idea,Unclear,Unclear,,,
326,VRQ_2,Info,Unclear,Unclear,,,
326,VRQ_3,Views,Unclear,Unclear,,,
343,VRQ_2,Skyscrapers,Unclear,Unclear,,,
346,VRQ_1,3 D Effect,Unclear,Unclear,,,
348,VRQ_2,Abundant,Unclear,Unclear,,,
349,VRQ_3,Taking a vacation,Unclear,Unclear,,,
377,VRQ_3,Rich,Unclear,Unclear,,,
378,VRQ_4,Oasis,Unclear,Unclear,,,
382,VRQ_3,personal view,Unclear,Unclear,,,
386,VRQ_3,Point of view perspective,Unclear,Unclear,,,
76,VRQ_4,The decor looks nice,Unclear?,Unclear?,,,
303,VRQ_1,its new and updated,,Up to date technology,,?,
10,VRQ_4,I would love to visit,Not Included,visit intention,,visit intention,
38,VRQ_7,Maybe I could go here someday!,Not Included,visit intention,,visit intention,
62,VRQ_2,I'd like to explore this with my family.,Not included,visit intention,,visit intention,
147,VRQ_6,Overall it made me more inspired to visit Dubai,Not Included,visit intention,,visit intention,
215,VRQ_4,Definitely a place I have to visit,Not Included,visit intention,,visit intention,
227,VRQ_3,I would like to visit,Not included,visit intention,,visit intention,
270,VRQ_4,I really want to go and visit Dubai now,Not included,visit intention,,visit intention,
306,VRQ_8,I would love to go,Not Included,visit intention,,visit intention,
310,VRQ_4,Wanting to visit the beach,Not Included,visit intention,,visit intention,
327,VRQ_2,Might create desire to visit places,Not included,visit intention,,visit intention,
354,VRQ_4,I wish I had the money to go on a big vacation,Not included,visit intention,,visit intention,